date,season_start,season_end,team,opp,location,active,result_b,margin,points,total_rebs,assists,steals,blocks
2008-10-29,2008,2009,OKC,MIL,Home,1,0,-11,13,4,4,0,1
2008-11-01,2008,2009,OKC,HOU,Away,1,0,-12,6,2,3,1,0
2008-11-02,2008,2009,OKC,MIN,Home,1,1,3,14,1,2,2,0
2008-11-05,2008,2009,OKC,BOS,Home,1,0,-13,13,5,1,1,0
2008-11-07,2008,2009,OKC,UTA,Away,1,0,-7,6,1,1,0,0
2008-11-09,2008,2009,OKC,ATL,Home,1,0,-4,15,1,2,2,0
2008-11-10,2008,2009,OKC,IND,Away,1,0,-8,6,2,4,2,1
2008-11-12,2008,2009,OKC,ORL,Home,1,0,-17,13,5,4,0,1
2008-11-14,2008,2009,OKC,NYK,Away,1,0,-10,19,10,6,1,1
2008-11-15,2008,2009,OKC,PHI,Away,1,0,-25,13,1,4,1,1
2008-11-17,2008,2009,OKC,HOU,Home,1,0,-11,14,2,2,5,0
2008-11-19,2008,2009,OKC,LAC,Home,1,0,-20,10,5,4,1,0
2008-11-21,2008,2009,OKC,NOH,Home,1,0,-25,15,3,3,2,0
2008-11-22,2008,2009,OKC,NOH,Away,1,0,-12,9,1,11,3,0
2008-11-25,2008,2009,OKC,PHO,Home,1,0,-1,15,5,5,3,0
2008-11-26,2008,2009,OKC,CLE,Away,1,0,-35,13,4,5,5,0
2008-11-28,2008,2009,OKC,MIN,Home,1,0,-2,15,3,8,1,1
2008-11-29,2008,2009,OKC,MEM,Away,1,1,8,12,5,4,2,0
2008-12-03,2008,2009,OKC,CHA,Away,1,0,-6,10,2,5,1,0
2008-12-05,2008,2009,OKC,ORL,Away,1,0,-9,19,9,5,2,0
2008-12-06,2008,2009,OKC,MIA,Away,1,0,-6,30,7,2,2,0
2008-12-08,2008,2009,OKC,GSW,Home,1,0,-10,6,8,7,2,0
2008-12-10,2008,2009,OKC,MEM,Home,1,0,-6,15,3,6,2,0
2008-12-13,2008,2009,OKC,DAL,Away,1,0,-4,19,8,6,0,0
2008-12-14,2008,2009,OKC,SAS,Away,1,0,-5,2,0,2,1,0
2008-12-16,2008,2009,OKC,LAC,Home,1,0,-10,11,7,2,2,0
2008-12-19,2008,2009,OKC,TOR,Home,1,1,8,19,4,8,1,0
2008-12-21,2008,2009,OKC,CLE,Home,1,0,-11,24,6,11,0,0
2008-12-23,2008,2009,OKC,ATL,Away,1,0,-11,11,3,6,1,0
2008-12-26,2008,2009,OKC,DET,Away,1,0,-2,14,5,4,0,0
2008-12-27,2008,2009,OKC,WAS,Away,1,0,-9,10,5,5,1,1
2008-12-29,2008,2009,OKC,PHO,Home,1,0,-8,31,3,5,0,0
2008-12-31,2008,2009,OKC,GSW,Home,1,1,7,11,6,2,5,0
2009-01-02,2008,2009,OKC,DEN,Home,1,0,-2,14,2,5,0,0
2009-01-06,2008,2009,OKC,NYK,Home,1,1,8,22,6,9,1,1
2009-01-07,2008,2009,OKC,MIN,Away,1,0,-42,16,1,12,0,0
2009-01-09,2008,2009,OKC,HOU,Home,1,0,-2,15,6,6,2,0
2009-01-10,2008,2009,OKC,CHI,Away,1,1,11,14,12,4,2,0
2009-01-12,2008,2009,OKC,NJN,Away,1,0,-4,19,5,4,2,0
2009-01-14,2008,2009,OKC,UTA,Home,1,1,21,22,2,7,3,0
2009-01-16,2008,2009,OKC,DET,Home,1,1,10,5,2,6,0,0
2009-01-18,2008,2009,OKC,MIA,Home,1,0,-10,14,8,3,1,1
2009-01-21,2008,2009,OKC,GSW,Away,1,1,1,30,4,7,1,0
2009-01-23,2008,2009,OKC,LAC,Away,1,0,-3,11,3,2,1,0
2009-01-26,2008,2009,OKC,NJN,Home,1,1,9,13,8,4,0,0
2009-01-28,2008,2009,OKC,MEM,Home,1,1,12,16,2,5,2,0
2009-01-30,2008,2009,OKC,UTA,Away,1,0,-20,20,8,3,1,0
2009-02-01,2008,2009,OKC,SAC,Away,1,0,-4,34,6,8,1,0
2009-02-04,2008,2009,OKC,DEN,Home,1,0,-1,20,4,5,0,0
2009-02-06,2008,2009,OKC,POR,Home,1,1,9,10,5,3,1,0
2009-02-08,2008,2009,OKC,SAC,Home,1,1,3,11,7,8,2,1
2009-02-10,2008,2009,OKC,LAL,Away,1,0,-7,17,9,7,2,0
2009-02-11,2008,2009,OKC,POR,Away,1,0,-14,21,12,3,0,1
2009-02-17,2008,2009,OKC,NOH,Home,1,0,-2,12,5,4,0,0
2009-02-20,2008,2009,OKC,PHO,Away,1,0,-22,19,6,8,1,0
2009-02-21,2008,2009,OKC,GSW,Away,1,0,-13,31,5,11,1,0
2009-02-24,2008,2009,OKC,LAL,Home,1,0,-14,14,2,2,0,0
2009-02-27,2008,2009,OKC,DAL,Away,1,0,-2,33,8,5,2,0
2009-02-28,2008,2009,OKC,MEM,Away,1,1,7,25,4,7,4,0
2009-03-02,2008,2009,OKC,DAL,Home,1,1,9,17,10,10,2,1
2009-03-04,2008,2009,OKC,WAS,Home,1,1,5,12,2,8,0,0
2009-03-07,2008,2009,OKC,NOH,Away,1,0,-18,24,7,2,3,0
2009-03-08,2008,2009,OKC,PHI,Home,1,1,15,11,7,5,1,0
2009-03-10,2008,2009,OKC,SAC,Away,1,1,1,22,5,4,0,0
2009-03-11,2008,2009,OKC,DEN,Away,1,0,-13,13,3,1,1,0
2009-03-14,2008,2009,OKC,PHO,Away,1,0,-11,20,6,7,0,0
2009-03-16,2008,2009,OKC,SAS,Home,1,1,2,8,8,2,2,0
2009-03-18,2008,2009,OKC,CHI,Home,1,0,-7,15,2,6,1,0
2009-03-20,2008,2009,OKC,UTA,Home,1,0,-7,22,3,4,0,0
2009-03-22,2008,2009,OKC,MIN,Away,1,1,7,7,8,10,2,2
2009-03-24,2008,2009,OKC,LAL,Home,1,0,-18,10,5,6,1,0
2009-03-27,2008,2009,OKC,TOR,Away,1,0,-16,10,3,5,0,0
2009-03-29,2008,2009,OKC,BOS,Away,1,0,-19,23,2,2,1,0
2009-03-31,2008,2009,OKC,SAS,Away,1,1,1,16,3,10,2,0
2009-04-03,2008,2009,OKC,POR,Home,1,0,-35,8,8,4,1,1
2009-04-05,2008,2009,OKC,IND,Home,1,0,-18,11,7,4,3,0
2009-04-07,2008,2009,OKC,SAS,Home,1,0,-10,10,5,6,3,1
2009-04-08,2008,2009,OKC,DEN,Away,1,0,-10,14,6,11,1,0
2009-04-10,2008,2009,OKC,CHA,Home,1,1,3,10,6,11,1,0
2009-04-11,2008,2009,OKC,MIL,Away,1,0,-17,13,7,6,0,0
2009-04-13,2008,2009,OKC,POR,Away,1,0,-30,15,3,7,3,0
2009-04-15,2008,2009,OKC,LAC,Away,1,1,41,14,5,7,0,0
2009-10-28,2009,2010,OKC,SAC,Home,1,1,13,14,7,13,0,0
2009-10-30,2009,2010,OKC,DET,Away,1,1,8,10,5,10,1,2
2009-11-01,2009,2010,OKC,POR,Home,1,0,-9,23,4,2,2,1
2009-11-03,2009,2010,OKC,LAL,Home,1,0,-3,12,6,7,2,0
2009-11-06,2009,2010,OKC,HOU,Away,1,0,-11,33,5,7,1,0
2009-11-08,2009,2010,OKC,ORL,Home,1,1,28,17,5,10,0,0
2009-11-10,2009,2010,OKC,SAC,Away,1,0,-3,9,5,6,2,0
2009-11-11,2009,2010,OKC,LAC,Away,1,1,4,2,2,3,0,0
2009-11-14,2009,2010,OKC,SAS,Away,1,1,3,19,5,11,0,0
2009-11-15,2009,2010,OKC,LAC,Home,1,0,-8,17,9,7,2,0
2009-11-17,2009,2010,OKC,MIA,Away,1,1,13,24,1,7,1,1
2009-11-18,2009,2010,OKC,ORL,Away,1,0,-14,10,2,3,3,0
2009-11-20,2009,2010,OKC,WAS,Home,1,1,19,26,4,7,2,0
2009-11-22,2009,2010,OKC,LAL,Away,1,0,-16,14,7,7,0,3
2009-11-24,2009,2010,OKC,UTA,Away,1,1,10,17,3,3,0,0
2009-11-27,2009,2010,OKC,MIL,Home,1,1,18,20,6,7,0,2
2009-11-29,2009,2010,OKC,HOU,Home,1,0,-9,20,2,5,1,2
2009-12-02,2009,2010,OKC,PHI,Home,1,1,11,7,5,15,2,0
2009-12-04,2009,2010,OKC,BOS,Home,1,0,-18,15,3,4,0,0
2009-12-07,2009,2010,OKC,GSW,Home,1,1,16,12,7,3,1,0
2009-12-11,2009,2010,OKC,MEM,Away,1,1,8,23,6,7,1,1
2009-12-13,2009,2010,OKC,CLE,Home,1,0,-13,10,3,5,0,0
2009-12-14,2009,2010,OKC,DEN,Away,1,0,-9,14,6,6,0,0
2009-12-16,2009,2010,OKC,DAL,Home,1,0,-14,16,6,5,1,1
2009-12-18,2009,2010,OKC,DET,Home,1,1,11,14,3,5,0,0
2009-12-19,2009,2010,OKC,HOU,Away,1,0,-5,15,6,7,1,0
2009-12-22,2009,2010,OKC,LAL,Away,1,0,-3,21,7,13,1,0
2009-12-23,2009,2010,OKC,PHO,Away,1,1,4,19,8,7,2,0
2009-12-26,2009,2010,OKC,CHA,Home,1,1,7,22,5,6,1,0
2009-12-28,2009,2010,OKC,NJN,Away,1,1,16,16,2,10,2,0
2009-12-29,2009,2010,OKC,WAS,Away,1,1,12,11,7,10,1,1
2009-12-31,2009,2010,OKC,UTA,Home,1,1,1,8,4,10,2,1
2010-01-02,2009,2010,OKC,MIL,Away,1,0,-6,17,9,13,1,2
2010-01-04,2009,2010,OKC,CHI,Away,1,1,13,29,7,6,2,0
2010-01-06,2009,2010,OKC,NOH,Home,1,0,-5,11,4,9,3,0
2010-01-09,2009,2010,OKC,IND,Home,1,1,6,18,9,6,0,0
2010-01-11,2009,2010,OKC,NYK,Home,1,1,18,17,3,5,2,0
2010-01-13,2009,2010,OKC,SAS,Home,1,0,-1,25,6,13,0,0
2010-01-15,2009,2010,OKC,DAL,Away,1,0,-1,18,4,6,2,1
2010-01-16,2009,2010,OKC,MIA,Home,1,1,18,6,1,11,1,0
2010-01-18,2009,2010,OKC,ATL,Away,1,1,3,8,4,9,1,0
2010-01-20,2009,2010,OKC,MIN,Away,1,1,2,9,3,9,0,0
2010-01-22,2009,2010,OKC,MEM,Away,1,0,-2,8,7,3,0,0
2010-01-23,2009,2010,OKC,CLE,Away,1,0,-1,23,2,5,2,0
2010-01-27,2009,2010,OKC,CHI,Home,1,0,-10,10,2,7,1,0
2010-01-29,2009,2010,OKC,DEN,Home,1,1,17,12,3,8,0,0
2010-01-31,2009,2010,OKC,GSW,Home,1,1,8,28,5,8,2,0
2010-02-02,2009,2010,OKC,ATL,Home,1,1,7,12,9,9,2,0
2010-02-03,2009,2010,OKC,NOH,Away,1,1,4,26,8,10,0,1
2010-02-06,2009,2010,OKC,GSW,Away,1,1,9,21,7,10,8,0
2010-02-09,2009,2010,OKC,POR,Away,1,1,12,8,5,7,3,0
2010-02-16,2009,2010,OKC,DAL,Home,1,1,13,17,6,8,1,0
2010-02-20,2009,2010,OKC,NYK,Away,1,1,3,31,9,10,0,0
2010-02-21,2009,2010,OKC,MIN,Away,1,1,2,22,10,14,2,0
2010-02-23,2009,2010,OKC,PHO,Home,1,0,-2,21,1,10,3,0
2010-02-24,2009,2010,OKC,SAS,Away,1,0,-8,17,6,7,1,0
2010-02-26,2009,2010,OKC,MIN,Home,1,1,17,18,8,15,2,0
2010-02-28,2009,2010,OKC,TOR,Home,1,1,20,14,3,10,4,1
2010-03-02,2009,2010,OKC,SAC,Home,1,1,6,30,5,13,1,0
2010-03-03,2009,2010,OKC,DEN,Away,1,0,-29,11,3,6,3,1
2010-03-05,2009,2010,OKC,LAC,Away,1,1,17,15,6,9,7,0
2010-03-07,2009,2010,OKC,SAC,Away,1,1,6,21,8,4,0,1
2010-03-10,2009,2010,OKC,NOH,Home,1,1,15,17,8,9,2,1
2010-03-12,2009,2010,OKC,NJN,Home,1,1,2,11,4,10,0,1
2010-03-14,2009,2010,OKC,UTA,Home,1,1,8,30,3,11,1,1
2010-03-17,2009,2010,OKC,CHA,Away,1,0,-8,15,1,10,1,0
2010-03-19,2009,2010,OKC,TOR,Away,1,1,26,11,3,10,2,0
2010-03-21,2009,2010,OKC,IND,Away,1,0,-20,0,1,5,0,0
2010-03-22,2009,2010,OKC,SAS,Home,1,0,-3,12,4,4,0,1
2010-03-24,2009,2010,OKC,HOU,Home,1,1,18,4,5,8,0,1
2010-03-26,2009,2010,OKC,LAL,Home,1,1,16,23,1,6,4,0
2010-03-28,2009,2010,OKC,POR,Home,1,0,-5,12,3,6,2,0
2010-03-30,2009,2010,OKC,PHI,Away,1,1,18,10,5,14,1,2
2010-03-31,2009,2010,OKC,BOS,Away,1,1,5,21,3,10,0,0
2010-04-03,2009,2010,OKC,DAL,Away,1,1,5,17,3,6,0,0
2010-04-04,2009,2010,OKC,MIN,Home,1,1,8,10,2,16,2,0
2010-04-06,2009,2010,OKC,UTA,Away,1,0,-1,27,5,9,0,2
2010-04-07,2009,2010,OKC,DEN,Home,1,0,-4,21,4,4,1,2
2010-04-09,2009,2010,OKC,PHO,Home,1,1,5,8,8,10,2,1
2010-04-11,2009,2010,OKC,GSW,Away,1,0,-3,20,5,9,3,0
2010-04-12,2009,2010,OKC,POR,Away,1,0,-8,11,7,0,0,0
2010-04-14,2009,2010,OKC,MEM,Home,1,1,9,9,7,7,1,0
2010-10-27,2010,2011,OKC,CHI,Home,1,1,11,28,10,6,2,1
2010-10-29,2010,2011,OKC,DET,Away,1,1,1,17,6,11,2,0
2010-10-31,2010,2011,OKC,UTA,Home,1,0,-21,22,4,5,4,1
2010-11-03,2010,2011,OKC,LAC,Away,1,0,-15,16,4,6,2,0
2010-11-04,2010,2011,OKC,POR,Away,1,1,1,28,11,5,0,0
2010-11-07,2010,2011,OKC,BOS,Home,1,0,-9,16,4,10,4,2
2010-11-10,2010,2011,OKC,PHI,Home,1,1,6,31,5,12,1,0
2010-11-12,2010,2011,OKC,POR,Home,1,1,2,36,7,7,3,2
2010-11-14,2010,2011,OKC,SAS,Home,1,0,-13,19,3,8,2,1
2010-11-15,2010,2011,OKC,UTA,Away,1,1,7,22,1,7,1,0
2010-11-17,2010,2011,OKC,HOU,Home,1,1,17,21,6,12,2,0
2010-11-19,2010,2011,OKC,BOS,Away,1,1,5,31,4,6,2,0
2010-11-20,2010,2011,OKC,MIL,Away,1,1,1,18,3,6,0,0
2010-11-22,2010,2011,OKC,MIN,Home,1,1,10,20,4,14,2,0
2010-11-24,2010,2011,OKC,DAL,Home,1,0,-8,13,3,10,2,0
2010-11-26,2010,2011,OKC,IND,Away,1,1,4,43,8,8,3,1
2010-11-28,2010,2011,OKC,HOU,Away,1,0,-1,23,4,10,2,0
2010-11-29,2010,2011,OKC,NOH,Home,1,1,6,25,5,11,5,0
2010-12-01,2010,2011,OKC,NJN,Away,1,1,3,38,15,9,3,0
2010-12-03,2010,2011,OKC,TOR,Away,1,0,-12,20,3,7,2,0
2010-12-05,2010,2011,OKC,GSW,Home,1,1,5,19,7,13,2,1
2010-12-06,2010,2011,OKC,CHI,Away,1,0,-9,15,5,7,3,0
2010-12-08,2010,2011,OKC,MIN,Away,1,1,8,25,4,8,1,0
2010-12-10,2010,2011,OKC,NOH,Away,1,1,5,29,3,10,1,0
2010-12-12,2010,2011,OKC,CLE,Home,1,1,29,14,3,11,2,0
2010-12-15,2010,2011,OKC,HOU,Home,1,1,12,17,3,5,0,0
2010-12-17,2010,2011,OKC,SAC,Home,1,1,15,21,4,6,1,0
2010-12-19,2010,2011,OKC,PHO,Home,1,0,-3,19,2,9,1,1
2010-12-21,2010,2011,OKC,CHA,Away,1,1,18,15,3,4,3,0
2010-12-22,2010,2011,OKC,NYK,Away,1,0,-14,23,5,5,1,1
2010-12-25,2010,2011,OKC,DEN,Home,1,1,8,19,2,4,3,0
2010-12-27,2010,2011,OKC,DAL,Home,1,0,-10,15,3,7,3,0
2010-12-29,2010,2011,OKC,NJN,Home,1,1,21,17,4,7,3,0
2010-12-31,2010,2011,OKC,ATL,Home,1,1,9,23,10,10,2,0
2011-01-01,2010,2011,OKC,SAS,Away,1,0,-27,8,4,2,2,0
2011-01-04,2010,2011,OKC,MEM,Away,1,0,-5,28,4,7,0,1
2011-01-06,2010,2011,OKC,DAL,Away,1,1,4,15,5,9,1,0
2011-01-08,2010,2011,OKC,MEM,Home,1,1,9,22,5,11,1,3
2011-01-12,2010,2011,OKC,HOU,Away,1,1,6,23,8,13,2,0
2011-01-13,2010,2011,OKC,ORL,Home,1,1,1,32,10,13,1,2
2011-01-17,2010,2011,OKC,LAL,Away,1,0,-7,32,5,12,2,1
2011-01-19,2010,2011,OKC,DEN,Away,1,0,-5,28,3,10,2,0
2011-01-22,2010,2011,OKC,NYK,Home,1,1,3,28,5,5,2,1
2011-01-24,2010,2011,OKC,NOH,Away,1,0,-2,18,3,10,1,0
2011-01-26,2010,2011,OKC,MIN,Away,1,1,1,16,3,8,4,0
2011-01-28,2010,2011,OKC,WAS,Home,1,1,7,35,13,13,0,2
2011-01-30,2010,2011,OKC,MIA,Home,1,0,-5,21,7,10,2,1
2011-02-02,2010,2011,OKC,NOH,Home,1,1,11,10,3,8,1,0
2011-02-04,2010,2011,OKC,PHO,Away,1,1,4,19,7,11,2,0
2011-02-05,2010,2011,OKC,UTA,Away,1,1,16,33,3,10,1,1
2011-02-08,2010,2011,OKC,MEM,Home,1,0,-4,21,5,11,0,0
2011-02-12,2010,2011,OKC,SAC,Away,1,1,2,22,5,7,2,0
2011-02-13,2010,2011,OKC,GSW,Away,1,0,-6,21,0,5,1,0
2011-02-15,2010,2011,OKC,SAC,Home,1,1,30,10,2,11,1,0
2011-02-22,2010,2011,OKC,LAC,Home,1,1,23,13,2,7,1,2
2011-02-23,2010,2011,OKC,SAS,Away,1,0,-4,25,4,7,1,0
2011-02-25,2010,2011,OKC,ORL,Away,1,0,-23,18,3,3,0,0
2011-02-27,2010,2011,OKC,LAL,Home,1,0,-3,22,6,6,0,0
2011-03-02,2010,2011,OKC,IND,Home,1,1,24,21,3,9,3,0
2011-03-04,2010,2011,OKC,ATL,Away,1,1,7,28,3,9,4,0
2011-03-06,2010,2011,OKC,PHO,Home,1,1,4,32,2,11,2,0
2011-03-07,2010,2011,OKC,MEM,Away,1,0,-6,27,4,7,0,0
2011-03-09,2010,2011,OKC,PHI,Away,1,1,5,27,5,12,1,0
2011-03-11,2010,2011,OKC,DET,Home,1,1,10,13,4,11,1,0
2011-03-13,2010,2011,OKC,CLE,Away,1,1,20,20,1,5,3,1
2011-03-14,2010,2011,OKC,WAS,Away,1,1,27,18,4,12,4,0
2011-03-16,2010,2011,OKC,MIA,Away,1,1,11,18,1,5,2,0
2011-03-18,2010,2011,OKC,CHA,Home,1,1,17,18,0,7,3,0
2011-03-20,2010,2011,OKC,TOR,Home,1,0,-2,22,6,4,0,0
2011-03-23,2010,2011,OKC,UTA,Home,1,1,12,31,4,5,2,1
2011-03-25,2010,2011,OKC,MIN,Home,1,1,8,19,2,8,5,0
2011-03-27,2010,2011,OKC,POR,Home,1,1,9,28,7,7,2,0
2011-03-29,2010,2011,OKC,GSW,Home,1,1,1,15,8,9,1,0
2011-03-30,2010,2011,OKC,PHO,Away,1,1,18,16,3,8,2,1
2011-04-01,2010,2011,OKC,POR,Away,1,0,-7,16,9,6,0,0
2011-04-02,2010,2011,OKC,LAC,Away,1,0,-6,9,4,8,3,0
2011-04-05,2010,2011,OKC,DEN,Away,1,1,7,18,1,6,1,1
2011-04-06,2010,2011,OKC,LAC,Home,1,1,4,26,7,7,3,0
2011-04-08,2010,2011,OKC,DEN,Home,1,1,15,17,3,8,6,0
2011-04-10,2010,2011,OKC,LAL,Away,1,1,14,26,6,7,2,0
2011-04-11,2010,2011,OKC,SAC,Away,1,1,8,30,6,9,2,1
2011-04-13,2010,2011,OKC,MIL,Home,1,0,-4,20,3,5,3,0
2011-12-25,2011,2012,OKC,ORL,Home,1,1,8,14,7,6,3,0
2011-12-26,2011,2012,OKC,MIN,Away,1,1,4,28,6,6,3,0
2011-12-28,2011,2012,OKC,MEM,Away,1,1,3,4,3,6,0,0
2011-12-29,2011,2012,OKC,DAL,Home,1,1,2,16,4,4,2,0
2011-12-31,2011,2012,OKC,PHO,Home,1,1,10,18,2,4,2,0
2012-01-02,2011,2012,OKC,DAL,Away,1,0,-13,18,8,3,3,0
2012-01-03,2011,2012,OKC,POR,Home,1,0,-10,22,6,8,1,0
2012-01-06,2011,2012,OKC,HOU,Home,1,1,15,15,3,5,2,0
2012-01-07,2011,2012,OKC,HOU,Away,1,1,3,25,4,6,0,0
2012-01-08,2011,2012,OKC,SAS,Home,1,1,12,13,4,5,0,1
2012-01-10,2011,2012,OKC,MEM,Away,1,1,5,30,6,4,0,1
2012-01-11,2011,2012,OKC,NOH,Away,1,1,10,22,2,7,3,0
2012-01-14,2011,2012,OKC,NYK,Home,1,1,12,21,8,8,3,0
2012-01-16,2011,2012,OKC,BOS,Away,1,1,9,26,7,4,3,0
2012-01-18,2011,2012,OKC,WAS,Away,1,0,-3,36,5,7,1,0
2012-01-21,2011,2012,OKC,NJN,Away,1,1,10,21,3,6,2,1
2012-01-23,2011,2012,OKC,DET,Home,1,1,20,24,5,6,0,0
2012-01-25,2011,2012,OKC,NOH,Home,1,1,10,14,1,5,3,0
2012-01-27,2011,2012,OKC,GSW,Away,1,1,11,28,6,11,7,0
2012-01-30,2011,2012,OKC,LAC,Away,1,0,-12,31,4,4,5,1
2012-02-01,2011,2012,OKC,DAL,Away,1,1,9,33,6,4,2,1
2012-02-03,2011,2012,OKC,MEM,Home,1,1,7,21,2,7,0,1
2012-02-04,2011,2012,OKC,SAS,Away,1,0,-11,18,6,6,1,2
2012-02-06,2011,2012,OKC,POR,Away,1,1,4,28,11,8,2,1
2012-02-07,2011,2012,OKC,GSW,Away,1,1,3,31,1,7,2,1
2012-02-09,2011,2012,OKC,SAC,Away,1,0,-5,33,6,3,1,0
2012-02-10,2011,2012,OKC,UTA,Away,1,1,14,28,6,3,5,0
2012-02-14,2011,2012,OKC,UTA,Home,1,1,26,16,5,2,0,0
2012-02-15,2011,2012,OKC,HOU,Away,1,0,-1,26,8,4,0,0
2012-02-17,2011,2012,OKC,GSW,Home,1,1,23,18,3,3,3,0
2012-02-19,2011,2012,OKC,DEN,Home,1,1,6,40,4,9,0,1
2012-02-20,2011,2012,OKC,NOH,Home,1,1,8,31,2,4,2,0
2012-02-22,2011,2012,OKC,BOS,Home,1,1,15,31,5,6,1,0
2012-02-23,2011,2012,OKC,LAL,Home,1,1,15,19,5,6,1,0
2012-02-29,2011,2012,OKC,PHI,Away,1,1,4,22,13,4,1,0
2012-03-01,2011,2012,OKC,ORL,Away,1,1,3,29,2,10,1,0
2012-03-03,2011,2012,OKC,ATL,Away,1,0,-7,25,0,4,0,1
2012-03-05,2011,2012,OKC,DAL,Home,1,1,4,24,6,3,0,0
2012-03-07,2011,2012,OKC,PHO,Home,1,1,11,31,3,10,4,0
2012-03-09,2011,2012,OKC,CLE,Home,1,0,-6,19,2,4,1,0
2012-03-10,2011,2012,OKC,CHA,Home,1,1,27,23,1,4,0,0
2012-03-13,2011,2012,OKC,HOU,Home,1,0,-1,19,4,4,0,0
2012-03-15,2011,2012,OKC,DEN,Away,1,1,13,23,6,5,2,0
2012-03-16,2011,2012,OKC,SAS,Home,1,0,-9,36,3,6,3,0
2012-03-18,2011,2012,OKC,POR,Home,1,1,16,28,3,5,0,1
2012-03-20,2011,2012,OKC,UTA,Away,1,0,-7,23,4,3,0,0
2012-03-21,2011,2012,OKC,LAC,Home,1,1,23,19,3,4,0,0
2012-03-23,2011,2012,OKC,MIN,Home,1,1,9,45,4,6,2,0
2012-03-25,2011,2012,OKC,MIA,Home,1,1,16,13,3,6,3,1
2012-03-27,2011,2012,OKC,POR,Away,1,1,14,32,3,8,3,0
2012-03-29,2011,2012,OKC,LAL,Away,1,1,9,36,1,5,2,0
2012-04-01,2011,2012,OKC,CHI,Home,1,1,14,27,3,5,4,0
2012-04-02,2011,2012,OKC,MEM,Home,1,0,-6,19,4,3,3,0
2012-04-04,2011,2012,OKC,MIA,Away,1,0,-5,28,4,2,3,0
2012-04-06,2011,2012,OKC,IND,Away,1,0,-5,21,11,9,1,0
2012-04-08,2011,2012,OKC,TOR,Home,1,1,16,15,6,6,1,0
2012-04-09,2011,2012,OKC,MIL,Away,1,1,20,26,7,3,1,0
2012-04-11,2011,2012,OKC,LAC,Home,1,0,-2,20,4,7,0,0
2012-04-13,2011,2012,OKC,SAC,Home,1,1,26,22,6,5,1,0
2012-04-14,2011,2012,OKC,MIN,Away,1,1,5,35,1,8,2,0
2012-04-16,2011,2012,OKC,LAC,Away,1,0,-15,9,3,3,1,0
2012-04-18,2011,2012,OKC,PHO,Away,1,1,12,15,6,5,2,0
2012-04-20,2011,2012,OKC,SAC,Away,1,1,11,18,3,3,2,1
2012-04-22,2011,2012,OKC,LAL,Away,1,0,-8,14,4,10,1,0
2012-04-24,2011,2012,OKC,SAC,Home,1,1,8,13,8,6,2,2
2012-04-25,2011,2012,OKC,DEN,Home,1,0,-5,30,6,9,3,4
2012-11-01,2012,2013,OKC,SAS,Away,1,0,-2,18,8,5,0,0
2012-11-02,2012,2013,OKC,POR,Home,1,1,14,32,5,6,0,0
2012-11-04,2012,2013,OKC,ATL,Home,1,0,-9,14,5,9,0,0
2012-11-06,2012,2013,OKC,TOR,Home,1,1,20,19,1,8,1,1
2012-11-08,2012,2013,OKC,CHI,Away,1,1,6,16,2,12,1,0
2012-11-09,2012,2013,OKC,DET,Home,1,1,11,10,4,6,1,0
2012-11-11,2012,2013,OKC,CLE,Home,1,1,15,27,6,10,4,0
2012-11-12,2012,2013,OKC,DET,Away,1,1,2,33,10,4,3,0
2012-11-14,2012,2013,OKC,MEM,Home,1,0,-10,17,6,13,2,0
2012-11-16,2012,2013,OKC,NOH,Away,1,1,15,10,2,12,1,0
2012-11-18,2012,2013,OKC,GSW,Home,1,1,10,30,2,7,5,0
2012-11-21,2012,2013,OKC,LAC,Home,1,1,6,23,3,9,0,0
2012-11-23,2012,2013,OKC,BOS,Away,1,0,-8,26,7,8,2,1
2012-11-24,2012,2013,OKC,PHI,Away,1,1,7,30,5,9,2,1
2012-11-26,2012,2013,OKC,CHA,Home,1,1,45,12,2,11,2,0
2012-11-28,2012,2013,OKC,HOU,Home,1,1,22,14,5,9,3,1
2012-11-30,2012,2013,OKC,UTA,Home,1,1,12,23,13,8,7,0
2012-12-01,2012,2013,OKC,NOH,Away,1,1,21,18,5,10,3,1
2012-12-04,2012,2013,OKC,BRK,Away,1,1,6,25,2,9,3,0
2012-12-07,2012,2013,OKC,LAL,Home,1,1,6,33,1,8,1,0
2012-12-09,2012,2013,OKC,IND,Home,1,1,11,21,7,6,2,2
2012-12-12,2012,2013,OKC,NOH,Home,1,1,4,14,4,9,0,0
2012-12-14,2012,2013,OKC,SAC,Home,1,1,10,13,2,13,3,1
2012-12-17,2012,2013,OKC,SAS,Home,1,1,14,22,6,9,3,0
2012-12-19,2012,2013,OKC,ATL,Away,1,1,8,27,3,11,2,1
2012-12-20,2012,2013,OKC,MIN,Away,1,0,-6,30,11,9,3,0
2012-12-25,2012,2013,OKC,MIA,Away,1,0,-6,21,11,3,2,0
2012-12-27,2012,2013,OKC,DAL,Home,1,1,6,16,6,10,3,1
2012-12-29,2012,2013,OKC,HOU,Away,1,1,30,28,8,8,3,0
2012-12-31,2012,2013,OKC,PHO,Home,1,1,18,24,7,9,1,0
2013-01-02,2012,2013,OKC,BRK,Home,1,0,-17,26,2,10,3,0
2013-01-04,2012,2013,OKC,PHI,Home,1,1,24,27,3,5,1,0
2013-01-06,2012,2013,OKC,TOR,Away,1,1,12,23,4,7,3,0
2013-01-07,2012,2013,OKC,WAS,Away,1,0,-2,17,4,8,3,0
2013-01-09,2012,2013,OKC,MIN,Home,1,1,22,23,8,7,1,0
2013-01-11,2012,2013,OKC,LAL,Away,1,1,15,27,7,10,2,1
2013-01-13,2012,2013,OKC,POR,Away,1,1,4,18,8,9,0,0
2013-01-14,2012,2013,OKC,PHO,Away,1,1,12,36,8,5,2,0
2013-01-16,2012,2013,OKC,DEN,Home,1,1,20,32,2,4,1,0
2013-01-18,2012,2013,OKC,DAL,Away,1,1,3,31,6,6,1,0
2013-01-20,2012,2013,OKC,DEN,Away,1,0,-3,36,8,9,0,0
2013-01-22,2012,2013,OKC,LAC,Away,1,1,12,26,4,6,1,0
2013-01-23,2012,2013,OKC,GSW,Away,1,0,-5,10,5,4,1,0
2013-01-25,2012,2013,OKC,SAC,Away,1,1,10,18,4,14,1,0
2013-01-27,2012,2013,OKC,LAL,Away,1,0,-9,17,9,13,2,0
2013-01-31,2012,2013,OKC,MEM,Home,1,1,17,21,9,6,1,0
2013-02-02,2012,2013,OKC,CLE,Away,1,0,-5,28,2,5,3,0
2013-02-04,2012,2013,OKC,DAL,Home,1,1,21,24,3,7,3,0
2013-02-06,2012,2013,OKC,GSW,Home,1,1,21,22,3,5,4,1
2013-02-08,2012,2013,OKC,PHO,Home,1,1,31,17,5,6,2,1
2013-02-10,2012,2013,OKC,PHO,Away,1,1,28,24,1,6,4,0
2013-02-12,2012,2013,OKC,UTA,Away,1,0,-15,22,3,5,0,0
2013-02-14,2012,2013,OKC,MIA,Home,1,0,-10,26,5,10,1,1
2013-02-20,2012,2013,OKC,HOU,Away,1,0,-3,28,10,8,1,0
2013-02-22,2012,2013,OKC,MIN,Home,1,1,16,37,7,9,1,1
2013-02-24,2012,2013,OKC,CHI,Home,1,1,30,23,1,3,1,0
2013-02-27,2012,2013,OKC,NOH,Home,1,1,45,29,3,3,0,0
2013-03-01,2012,2013,OKC,DEN,Away,1,0,-2,38,6,5,2,0
2013-03-03,2012,2013,OKC,LAC,Away,1,1,4,29,6,10,1,0
2013-03-05,2012,2013,OKC,LAL,Home,1,1,17,37,10,5,2,0
2013-03-07,2012,2013,OKC,NYK,Away,1,1,1,21,6,5,2,0
2013-03-08,2012,2013,OKC,CHA,Away,1,1,22,11,3,5,1,0
2013-03-10,2012,2013,OKC,BOS,Home,1,1,12,15,1,2,2,1
2013-03-11,2012,2013,OKC,SAS,Away,1,0,-12,25,6,6,2,0
2013-03-13,2012,2013,OKC,UTA,Home,1,1,23,19,7,9,1,1
2013-03-15,2012,2013,OKC,ORL,Home,1,1,13,23,6,6,0,0
2013-03-17,2012,2013,OKC,DAL,Away,1,1,6,35,6,6,2,1
2013-03-19,2012,2013,OKC,DEN,Home,1,0,-10,25,4,6,1,0
2013-03-20,2012,2013,OKC,MEM,Away,1,0,-1,20,4,3,3,0
2013-03-22,2012,2013,OKC,ORL,Away,1,1,8,19,6,9,2,2
2013-03-24,2012,2013,OKC,POR,Home,1,1,20,21,4,9,1,0
2013-03-27,2012,2013,OKC,WAS,Home,1,1,23,21,4,4,0,0
2013-03-29,2012,2013,OKC,MIN,Away,1,0,-8,18,4,9,0,0
2013-03-30,2012,2013,OKC,MIL,Away,1,1,10,23,13,10,3,1
2013-04-04,2012,2013,OKC,SAS,Home,1,1,12,27,7,7,3,0
2013-04-05,2012,2013,OKC,IND,Away,1,1,22,24,7,9,1,0
2013-04-07,2012,2013,OKC,NYK,Home,1,0,-5,37,11,8,1,0
2013-04-09,2012,2013,OKC,UTA,Away,1,1,10,25,5,2,3,0
2013-04-11,2012,2013,OKC,GSW,Away,1,1,19,18,3,9,0,2
2013-04-12,2012,2013,OKC,POR,Away,1,1,16,33,1,2,3,1
2013-04-15,2012,2013,OKC,SAC,Home,1,1,9,21,5,8,3,0
2013-04-17,2012,2013,OKC,MIL,Home,1,0,-6,4,0,3,0,0
2013-10-30,2013,2014,OKC,UTA,Away,0,1,3,0,0,0,0,0
2013-11-01,2013,2014,OKC,MIN,Away,0,0,-19,0,0,0,0,0
2013-11-03,2013,2014,OKC,PHO,Home,1,1,7,21,4,7,1,0
2013-11-06,2013,2014,OKC,DAL,Home,1,1,14,22,1,4,2,0
2013-11-08,2013,2014,OKC,DET,Away,1,1,9,20,5,0,3,0
2013-11-10,2013,2014,OKC,WAS,Home,1,1,1,13,4,4,1,0
2013-11-13,2013,2014,OKC,LAC,Away,1,0,-8,19,4,10,2,0
2013-11-14,2013,2014,OKC,GSW,Away,1,0,-1,31,9,5,3,0
2013-11-16,2013,2014,OKC,MIL,Away,1,1,13,26,3,4,1,0
2013-11-18,2013,2014,OKC,DEN,Home,1,1,2,30,12,7,0,0
2013-11-21,2013,2014,OKC,LAC,Home,1,1,14,12,6,5,1,0
2013-11-24,2013,2014,OKC,UTA,Home,0,1,22,0,0,0,0,0
2013-11-27,2013,2014,OKC,SAS,Home,1,1,6,6,3,8,2,0
2013-11-29,2013,2014,OKC,GSW,Home,1,1,1,34,1,7,5,0
2013-12-01,2013,2014,OKC,MIN,Home,1,1,10,19,2,5,3,1
2013-12-03,2013,2014,OKC,SAC,Away,1,1,2,15,8,7,1,0
2013-12-04,2013,2014,OKC,POR,Away,1,0,-7,21,3,5,0,0
2013-12-06,2013,2014,OKC,NOP,Away,1,1,14,25,1,4,4,0
2013-12-08,2013,2014,OKC,IND,Home,1,1,24,26,7,13,1,0
2013-12-10,2013,2014,OKC,ATL,Away,1,1,9,14,9,11,4,0
2013-12-11,2013,2014,OKC,MEM,Away,1,1,16,27,6,9,2,0
2013-12-13,2013,2014,OKC,LAL,Home,1,1,25,19,8,12,2,0
2013-12-15,2013,2014,OKC,ORL,Home,1,1,3,20,12,6,2,1
2013-12-17,2013,2014,OKC,DEN,Away,1,1,12,21,13,8,0,0
2013-12-19,2013,2014,OKC,CHI,Home,1,1,12,20,2,10,1,0
2013-12-21,2013,2014,OKC,SAS,Away,1,1,13,31,4,8,0,0
2013-12-22,2013,2014,OKC,TOR,Home,1,0,-6,27,9,5,2,0
2013-12-25,2013,2014,OKC,NYK,Away,1,1,29,14,13,10,1,1
2013-12-27,2013,2014,OKC,CHA,Away,0,1,4,0,0,0,0,0
2013-12-29,2013,2014,OKC,HOU,Home,0,1,31,0,0,0,0,0
2013-12-31,2013,2014,OKC,POR,Home,0,0,-4,0,0,0,0,0
2014-01-02,2013,2014,OKC,BRK,Home,0,0,-2,0,0,0,0,0
2014-01-04,2013,2014,OKC,MIN,Away,0,1,4,0,0,0,0,0
2014-01-05,2013,2014,OKC,BOS,Home,0,1,23,0,0,0,0,0
2014-01-07,2013,2014,OKC,UTA,Away,0,0,-11,0,0,0,0,0
2014-01-09,2013,2014,OKC,DEN,Away,0,0,-13,0,0,0,0,0
2014-01-11,2013,2014,OKC,MIL,Home,0,1,16,0,0,0,0,0
2014-01-14,2013,2014,OKC,MEM,Away,0,0,-3,0,0,0,0,0
2014-01-16,2013,2014,OKC,HOU,Away,0,1,12,0,0,0,0,0
2014-01-17,2013,2014,OKC,GSW,Home,0,1,6,0,0,0,0,0
2014-01-19,2013,2014,OKC,SAC,Home,0,1,15,0,0,0,0,0
2014-01-21,2013,2014,OKC,POR,Home,0,1,8,0,0,0,0,0
2014-01-22,2013,2014,OKC,SAS,Away,0,1,6,0,0,0,0,0
2014-01-24,2013,2014,OKC,BOS,Away,0,1,18,0,0,0,0,0
2014-01-25,2013,2014,OKC,PHI,Away,0,1,12,0,0,0,0,0
2014-01-27,2013,2014,OKC,ATL,Home,0,1,2,0,0,0,0,0
2014-01-29,2013,2014,OKC,MIA,Away,0,1,17,0,0,0,0,0
2014-01-31,2013,2014,OKC,BRK,Away,0,1,25,0,0,0,0,0
2014-02-01,2013,2014,OKC,WAS,Away,0,0,-15,0,0,0,0,0
2014-02-03,2013,2014,OKC,MEM,Home,0,1,9,0,0,0,0,0
2014-02-05,2013,2014,OKC,MIN,Home,0,1,9,0,0,0,0,0
2014-02-07,2013,2014,OKC,ORL,Away,0,0,-1,0,0,0,0,0
2014-02-09,2013,2014,OKC,NYK,Home,0,1,12,0,0,0,0,0
2014-02-11,2013,2014,OKC,POR,Away,0,1,3,0,0,0,0,0
2014-02-13,2013,2014,OKC,LAL,Away,0,1,4,0,0,0,0,0
2014-02-20,2013,2014,OKC,MIA,Home,1,0,-22,14,5,2,3,0
2014-02-23,2013,2014,OKC,LAC,Home,1,0,-8,13,5,6,1,0
2014-02-26,2013,2014,OKC,CLE,Home,1,0,-10,24,3,9,0,0
2014-02-28,2013,2014,OKC,MEM,Home,1,1,6,21,2,6,3,0
2014-03-02,2013,2014,OKC,CHA,Home,1,1,17,26,2,5,2,0
2014-03-04,2013,2014,OKC,PHI,Home,1,1,33,13,10,14,3,0
2014-03-06,2013,2014,OKC,PHO,Away,1,0,-6,36,9,9,4,0
2014-03-09,2013,2014,OKC,LAL,Away,1,0,-4,20,7,8,3,0
2014-03-11,2013,2014,OKC,HOU,Home,1,1,8,24,4,7,4,0
2014-03-13,2013,2014,OKC,LAL,Home,1,1,29,29,2,9,3,1
2014-03-16,2013,2014,OKC,DAL,Home,0,0,-23,0,0,0,0,0
2014-03-17,2013,2014,OKC,CHI,Away,1,1,12,17,9,9,0,0
2014-03-20,2013,2014,OKC,CLE,Away,0,1,7,0,0,0,0,0
2014-03-21,2013,2014,OKC,TOR,Away,1,1,1,15,3,1,1,0
2014-03-24,2013,2014,OKC,DEN,Home,0,1,21,0,0,0,0,0
2014-03-25,2013,2014,OKC,DAL,Away,1,0,-9,23,7,8,3,0
2014-03-28,2013,2014,OKC,SAC,Home,1,1,13,18,5,6,0,0
2014-03-30,2013,2014,OKC,UTA,Home,1,1,20,19,5,4,1,0
2014-04-03,2013,2014,OKC,SAS,Home,1,1,12,27,1,6,4,0
2014-04-04,2013,2014,OKC,HOU,Away,0,0,-4,0,0,0,0,0
2014-04-06,2013,2014,OKC,PHO,Away,1,0,-7,33,4,8,0,2
2014-04-08,2013,2014,OKC,SAC,Away,0,1,15,0,0,0,0,0
2014-04-09,2013,2014,OKC,LAC,Away,1,1,6,30,11,6,2,0
2014-04-11,2013,2014,OKC,NOP,Home,1,1,22,24,5,7,0,1
2014-04-13,2013,2014,OKC,IND,Away,1,0,-5,21,9,7,1,0
2014-04-14,2013,2014,OKC,NOP,Away,0,0,-12,0,0,0,0,0
2014-04-16,2013,2014,OKC,DET,Home,1,1,1,22,6,8,6,0
2014-10-29,2014,2015,OKC,POR,Away,1,0,-17,38,3,6,3,0
2014-10-30,2014,2015,OKC,LAC,Away,1,0,-3,2,0,4,1,0
2014-11-01,2014,2015,OKC,DEN,Home,0,1,11,0,0,0,0,0
2014-11-03,2014,2015,OKC,BRK,Away,0,0,-31,0,0,0,0,0
2014-11-04,2014,2015,OKC,TOR,Away,0,0,-12,0,0,0,0,0
2014-11-07,2014,2015,OKC,MEM,Home,0,0,-2,0,0,0,0,0
2014-11-09,2014,2015,OKC,SAC,Home,0,1,8,0,0,0,0,0
2014-11-11,2014,2015,OKC,MIL,Away,0,0,-7,0,0,0,0,0
2014-11-12,2014,2015,OKC,BOS,Away,0,1,15,0,0,0,0,0
2014-11-14,2014,2015,OKC,DET,Home,0,0,-7,0,0,0,0,0
2014-11-16,2014,2015,OKC,HOU,Home,0,0,-4,0,0,0,0,0
2014-11-18,2014,2015,OKC,UTA,Away,0,0,-17,0,0,0,0,0
2014-11-19,2014,2015,OKC,DEN,Away,0,0,-7,0,0,0,0,0
2014-11-21,2014,2015,OKC,BRK,Home,0,0,-2,0,0,0,0,0
2014-11-23,2014,2015,OKC,GSW,Home,0,0,-5,0,0,0,0,0
2014-11-26,2014,2015,OKC,UTA,Home,0,1,15,0,0,0,0,0
2014-11-28,2014,2015,OKC,NYK,Home,1,1,27,32,7,8,1,0
2014-12-02,2014,2015,OKC,NOP,Away,1,0,-8,21,6,7,2,0
2014-12-05,2014,2015,OKC,PHI,Away,1,1,12,27,5,7,2,0
2014-12-07,2014,2015,OKC,DET,Away,1,1,2,22,11,7,0,0
2014-12-09,2014,2015,OKC,MIL,Home,1,1,13,28,5,7,3,0
2014-12-11,2014,2015,OKC,CLE,Home,1,1,9,26,7,8,1,0
2014-12-12,2014,2015,OKC,MIN,Away,1,1,19,34,6,6,2,0
2014-12-14,2014,2015,OKC,PHO,Home,1,1,24,28,8,8,2,0
2014-12-16,2014,2015,OKC,SAC,Away,1,1,12,32,6,7,4,0
2014-12-18,2014,2015,OKC,GSW,Away,1,0,-5,33,3,8,2,0
2014-12-19,2014,2015,OKC,LAL,Away,1,1,1,31,5,10,1,0
2014-12-21,2014,2015,OKC,NOP,Home,1,0,-2,29,5,8,3,0
2014-12-23,2014,2015,OKC,POR,Home,1,0,-4,40,10,6,3,0
2014-12-25,2014,2015,OKC,SAS,Away,1,1,8,34,5,11,5,0
2014-12-26,2014,2015,OKC,CHO,Home,1,1,23,29,2,5,2,1
2014-12-28,2014,2015,OKC,DAL,Away,1,0,-5,18,9,9,5,0
2014-12-31,2014,2015,OKC,PHO,Home,1,1,3,20,4,4,1,0
2015-01-02,2014,2015,OKC,WAS,Home,1,1,7,22,3,6,2,0
2015-01-05,2014,2015,OKC,GSW,Away,1,0,-26,22,7,5,1,0
2015-01-07,2014,2015,OKC,SAC,Away,1,0,-21,10,7,4,1,0
2015-01-09,2014,2015,OKC,UTA,Home,1,1,5,25,4,12,3,0
2015-01-15,2014,2015,OKC,HOU,Away,1,0,-11,16,8,8,5,0
2015-01-16,2014,2015,OKC,GSW,Home,1,1,12,17,15,16,4,0
2015-01-18,2014,2015,OKC,ORL,Away,1,1,28,17,1,6,1,1
2015-01-20,2014,2015,OKC,MIA,Away,1,1,8,19,10,6,4,0
2015-01-21,2014,2015,OKC,WAS,Away,1,1,2,32,8,8,1,0
2015-01-23,2014,2015,OKC,ATL,Away,1,0,-10,22,3,11,3,0
2015-01-25,2014,2015,OKC,CLE,Away,1,0,-10,22,9,11,2,1
2015-01-26,2014,2015,OKC,MIN,Home,1,1,8,18,4,5,1,0
2015-01-28,2014,2015,OKC,NYK,Away,1,0,-8,40,4,4,2,1
2015-01-31,2014,2015,OKC,MEM,Away,1,0,-11,14,6,5,0,0
2015-02-02,2014,2015,OKC,ORL,Home,1,1,7,25,11,14,4,1
2015-02-04,2014,2015,OKC,NOP,Away,1,1,11,45,6,6,1,1
2015-02-06,2014,2015,OKC,NOP,Home,1,0,-3,48,9,11,4,0
2015-02-08,2014,2015,OKC,LAC,Home,1,1,23,19,11,5,1,0
2015-02-09,2014,2015,OKC,DEN,Away,1,1,10,26,5,9,0,0
2015-02-11,2014,2015,OKC,MEM,Home,1,1,16,24,9,9,1,0
2015-02-19,2014,2015,OKC,DAL,Home,1,1,15,34,5,10,2,0
2015-02-21,2014,2015,OKC,CHO,Away,1,1,7,33,7,10,1,0
2015-02-22,2014,2015,OKC,DEN,Home,1,1,25,21,8,17,0,0
2015-02-24,2014,2015,OKC,IND,Home,1,1,13,20,11,10,1,0
2015-02-26,2014,2015,OKC,PHO,Away,1,0,-4,39,14,11,3,0
2015-02-27,2014,2015,OKC,POR,Away,1,0,-3,40,13,11,1,0
2015-03-01,2014,2015,OKC,LAL,Away,0,1,7,0,0,0,0,0
2015-03-04,2014,2015,OKC,PHI,Home,1,1,5,49,15,10,3,1
2015-03-05,2014,2015,OKC,CHI,Away,1,0,-3,43,8,7,2,0
2015-03-08,2014,2015,OKC,TOR,Home,1,1,4,30,11,17,4,1
2015-03-11,2014,2015,OKC,LAC,Home,1,0,-12,24,9,7,2,0
2015-03-13,2014,2015,OKC,MIN,Home,1,1,14,29,10,12,2,0
2015-03-15,2014,2015,OKC,CHI,Home,1,1,9,36,11,6,1,0
2015-03-16,2014,2015,OKC,DAL,Away,1,0,-4,24,8,12,4,1
2015-03-18,2014,2015,OKC,BOS,Home,1,1,4,36,5,10,5,0
2015-03-20,2014,2015,OKC,ATL,Home,1,1,8,36,10,14,1,0
2015-03-22,2014,2015,OKC,MIA,Home,1,1,18,12,9,17,4,2
2015-03-24,2014,2015,OKC,LAL,Home,1,1,10,27,2,11,2,1
2015-03-25,2014,2015,OKC,SAS,Away,1,0,-39,16,4,7,2,0
2015-03-28,2014,2015,OKC,UTA,Away,1,0,-5,37,8,6,0,0
2015-03-29,2014,2015,OKC,PHO,Away,1,1,12,33,9,7,3,1
2015-04-01,2014,2015,OKC,DAL,Home,1,0,-4,31,11,11,1,0
2015-04-03,2014,2015,OKC,MEM,Away,1,0,-8,18,7,7,1,1
2015-04-05,2014,2015,OKC,HOU,Home,1,0,-3,40,11,13,0,0
2015-04-07,2014,2015,OKC,SAS,Home,1,0,-25,17,2,2,6,0
2015-04-10,2014,2015,OKC,SAC,Home,1,1,13,27,5,10,0,0
2015-04-12,2014,2015,OKC,IND,Away,1,0,-12,54,9,8,1,0
2015-04-13,2014,2015,OKC,POR,Home,1,1,11,36,11,7,2,0
2015-04-15,2014,2015,OKC,MIN,Away,1,1,25,37,8,7,2,0
2015-10-28,2015,2016,OKC,SAS,Home,1,1,6,33,2,10,2,0
2015-10-30,2015,2016,OKC,ORL,Away,1,1,3,48,11,8,1,1
2015-11-01,2015,2016,OKC,DEN,Home,1,1,24,15,9,8,3,0
2015-11-02,2015,2016,OKC,HOU,Away,1,0,-5,25,8,11,2,0
2015-11-04,2015,2016,OKC,TOR,Home,1,0,-5,22,5,16,2,0
2015-11-05,2015,2016,OKC,CHI,Away,1,0,-6,20,8,10,1,0
2015-11-08,2015,2016,OKC,PHO,Home,1,1,21,21,6,13,4,0
2015-11-10,2015,2016,OKC,WAS,Away,1,1,24,22,11,11,1,0
2015-11-13,2015,2016,OKC,PHI,Home,1,1,17,21,17,11,3,0
2015-11-15,2015,2016,OKC,BOS,Home,1,0,-15,27,4,5,3,2
2015-11-16,2015,2016,OKC,MEM,Away,1,0,-8,40,4,14,3,0
2015-11-18,2015,2016,OKC,NOP,Home,1,1,7,43,9,8,1,1
2015-11-20,2015,2016,OKC,NYK,Home,1,0,-3,34,7,7,4,1
2015-11-22,2015,2016,OKC,DAL,Home,1,1,3,31,5,11,5,1
2015-11-23,2015,2016,OKC,UTA,Away,1,1,22,20,7,9,1,0
2015-11-25,2015,2016,OKC,BRK,Home,1,1,11,27,6,13,5,0
2015-11-27,2015,2016,OKC,DET,Home,1,1,16,14,4,4,1,0
2015-11-30,2015,2016,OKC,ATL,Away,1,0,-6,34,11,7,2,0
2015-12-03,2015,2016,OKC,MIA,Away,1,0,-2,25,5,6,1,0
2015-12-06,2015,2016,OKC,SAC,Home,1,1,3,19,11,10,3,0
2015-12-08,2015,2016,OKC,MEM,Away,1,1,37,13,5,16,2,0
2015-12-10,2015,2016,OKC,ATL,Home,1,1,13,23,6,10,3,0
2015-12-11,2015,2016,OKC,UTA,Away,1,1,4,24,7,7,2,0
2015-12-13,2015,2016,OKC,UTA,Home,1,1,6,25,11,5,2,2
2015-12-16,2015,2016,OKC,POR,Home,1,1,16,13,3,5,2,2
2015-12-17,2015,2016,OKC,CLE,Away,1,0,-4,27,3,10,3,0
2015-12-19,2015,2016,OKC,LAL,Home,1,1,40,13,1,11,1,0
2015-12-21,2015,2016,OKC,LAC,Away,1,1,1,33,5,7,3,0
2015-12-23,2015,2016,OKC,LAL,Away,1,1,35,23,8,8,2,0
2015-12-25,2015,2016,OKC,CHI,Home,1,0,-9,26,7,8,6,0
2015-12-27,2015,2016,OKC,DEN,Home,1,1,10,30,9,12,1,0
2015-12-29,2015,2016,OKC,MIL,Home,1,1,8,27,7,7,5,0
2015-12-31,2015,2016,OKC,PHO,Home,1,1,4,36,1,12,5,1
2016-01-02,2015,2016,OKC,CHO,Away,1,1,19,16,6,7,1,0
2016-01-04,2015,2016,OKC,SAC,Home,1,0,-12,17,8,15,1,0
2016-01-06,2015,2016,OKC,MEM,Home,1,1,18,20,7,7,2,0
2016-01-08,2015,2016,OKC,LAL,Away,1,1,4,36,12,7,1,0
2016-01-10,2015,2016,OKC,POR,Away,1,0,-5,25,9,15,3,0
2016-01-12,2015,2016,OKC,MIN,Away,1,1,5,22,7,11,3,0
2016-01-13,2015,2016,OKC,DAL,Home,1,1,19,0,7,8,2,0
2016-01-15,2015,2016,OKC,MIN,Home,1,1,20,12,11,10,2,0
2016-01-17,2015,2016,OKC,MIA,Home,1,1,25,13,10,15,2,0
2016-01-19,2015,2016,OKC,DEN,Away,1,1,6,27,5,12,3,0
2016-01-20,2015,2016,OKC,CHO,Home,1,1,14,16,8,15,5,0
2016-01-22,2015,2016,OKC,DAL,Away,1,1,3,16,8,7,2,1
2016-01-24,2015,2016,OKC,BRK,Away,1,0,-10,27,11,7,1,0
2016-01-26,2015,2016,OKC,NYK,Away,1,1,6,30,8,10,3,0
2016-01-27,2015,2016,OKC,MIN,Away,1,1,3,24,8,15,0,0
2016-01-29,2015,2016,OKC,HOU,Home,1,1,8,26,10,14,1,1
2016-02-01,2015,2016,OKC,WAS,Home,1,1,16,17,13,11,1,0
2016-02-03,2015,2016,OKC,ORL,Home,1,1,3,24,19,14,2,0
2016-02-06,2015,2016,OKC,GSW,Away,1,0,-8,27,3,12,3,0
2016-02-08,2015,2016,OKC,PHO,Away,1,1,16,29,8,8,2,0
2016-02-11,2015,2016,OKC,NOP,Home,1,1,26,23,9,10,0,0
2016-02-19,2015,2016,OKC,IND,Home,1,0,-3,23,3,18,2,1
2016-02-21,2015,2016,OKC,CLE,Home,1,0,-23,20,9,11,1,0
2016-02-24,2015,2016,OKC,DAL,Away,1,1,13,24,7,13,0,0
2016-02-25,2015,2016,OKC,NOP,Away,1,0,-4,44,4,9,0,0
2016-02-27,2015,2016,OKC,GSW,Home,1,0,-3,26,7,13,2,0
2016-02-29,2015,2016,OKC,SAC,Away,1,1,15,20,13,15,3,0
2016-03-02,2015,2016,OKC,LAC,Away,1,0,-5,24,6,12,1,0
2016-03-03,2015,2016,OKC,GSW,Away,1,0,-15,22,6,7,0,1
2016-03-06,2015,2016,OKC,MIL,Away,1,1,8,15,10,11,1,1
2016-03-09,2015,2016,OKC,LAC,Home,1,1,12,25,11,19,2,1
2016-03-11,2015,2016,OKC,MIN,Home,1,0,-3,26,4,8,0,0
2016-03-12,2015,2016,OKC,SAS,Away,1,0,-8,19,6,7,2,0
2016-03-14,2015,2016,OKC,POR,Home,1,1,34,17,10,16,2,1
2016-03-16,2015,2016,OKC,BOS,Away,1,1,21,24,5,5,3,0
2016-03-18,2015,2016,OKC,PHI,Away,1,1,14,20,15,10,1,2
2016-03-19,2015,2016,OKC,IND,Away,1,1,4,14,11,14,1,0
2016-03-22,2015,2016,OKC,HOU,Home,1,1,4,21,12,15,1,0
2016-03-24,2015,2016,OKC,UTA,Home,1,1,22,15,7,9,3,0
2016-03-26,2015,2016,OKC,SAS,Home,1,1,19,29,6,8,1,0
2016-03-28,2015,2016,OKC,TOR,Away,1,1,19,26,10,12,1,0
2016-03-29,2015,2016,OKC,DET,Away,1,0,-6,24,4,6,1,0
2016-03-31,2015,2016,OKC,LAC,Home,1,1,2,26,8,11,4,0
2016-04-03,2015,2016,OKC,HOU,Away,1,0,-8,23,13,9,2,0
2016-04-05,2015,2016,OKC,DEN,Away,1,1,22,13,14,12,2,0
2016-04-06,2015,2016,OKC,POR,Away,0,0,-5,0,0,0,0,0
2016-04-09,2015,2016,OKC,SAC,Away,1,0,-2,24,5,10,1,0
2016-04-11,2015,2016,OKC,LAL,Home,1,1,33,13,10,14,1,0
2016-04-12,2015,2016,OKC,SAS,Away,0,0,-4,0,0,0,0,0
2016-10-26,2016,2017,OKC,PHI,Away,1,1,6,32,12,9,0,0
2016-10-28,2016,2017,OKC,PHO,Home,1,1,3,51,13,10,2,0
2016-10-30,2016,2017,OKC,LAL,Home,1,1,17,33,11,16,1,1
2016-11-02,2016,2017,OKC,LAC,Away,1,1,2,35,6,5,3,0
2016-11-03,2016,2017,OKC,GSW,Away,1,0,-26,20,6,10,1,2
2016-11-05,2016,2017,OKC,MIN,Home,1,1,20,28,6,8,3,0
2016-11-07,2016,2017,OKC,MIA,Home,1,1,12,14,5,11,0,0
2016-11-09,2016,2017,OKC,TOR,Home,1,0,-10,36,7,7,1,2
2016-11-11,2016,2017,OKC,LAC,Home,1,0,-2,29,14,9,1,0
2016-11-13,2016,2017,OKC,ORL,Home,1,0,-2,41,12,16,0,0
2016-11-14,2016,2017,OKC,DET,Away,1,0,-16,33,15,8,0,0
2016-11-16,2016,2017,OKC,HOU,Home,1,1,2,30,7,9,2,0
2016-11-18,2016,2017,OKC,BRK,Home,1,1,19,30,10,13,1,0
2016-11-20,2016,2017,OKC,IND,Home,1,0,-4,31,11,15,1,0
2016-11-22,2016,2017,OKC,LAL,Away,1,0,-2,34,8,13,2,0
2016-11-23,2016,2017,OKC,SAC,Away,1,0,-15,31,11,9,2,0
2016-11-25,2016,2017,OKC,DEN,Away,1,1,3,36,11,17,1,1
2016-11-26,2016,2017,OKC,DET,Home,1,1,18,17,13,15,1,1
2016-11-28,2016,2017,OKC,NYK,Away,1,1,9,27,17,14,2,0
2016-11-30,2016,2017,OKC,WAS,Home,1,1,11,35,14,11,2,0
2016-12-04,2016,2017,OKC,NOP,Home,1,1,9,28,17,12,1,0
2016-12-05,2016,2017,OKC,ATL,Away,1,1,3,32,13,12,1,1
2016-12-09,2016,2017,OKC,HOU,Home,1,0,-3,27,10,10,3,0
2016-12-11,2016,2017,OKC,BOS,Home,1,1,3,37,12,6,2,0
2016-12-13,2016,2017,OKC,POR,Away,1,0,-19,20,6,6,0,0
2016-12-14,2016,2017,OKC,UTA,Away,1,0,-20,27,6,5,1,0
2016-12-17,2016,2017,OKC,PHO,Home,1,1,13,26,11,22,2,1
2016-12-19,2016,2017,OKC,ATL,Home,1,0,-2,46,11,7,1,0
2016-12-21,2016,2017,OKC,NOP,Away,1,1,11,42,10,7,1,0
2016-12-23,2016,2017,OKC,BOS,Away,1,1,5,45,11,11,1,0
2016-12-25,2016,2017,OKC,MIN,Home,1,1,12,31,7,15,1,1
2016-12-27,2016,2017,OKC,MIA,Away,1,1,12,29,17,11,0,0
2016-12-29,2016,2017,OKC,MEM,Away,1,0,-34,21,5,0,2,0
2016-12-31,2016,2017,OKC,LAC,Home,1,1,26,17,12,14,2,0
2017-01-02,2016,2017,OKC,MIL,Away,1,0,-4,30,7,6,3,0
2017-01-04,2016,2017,OKC,CHO,Away,1,0,-11,33,15,8,2,1
2017-01-05,2016,2017,OKC,HOU,Away,1,0,-2,49,8,5,2,0
2017-01-07,2016,2017,OKC,DEN,Home,1,1,15,32,17,11,3,0
2017-01-09,2016,2017,OKC,CHI,Away,1,1,15,21,9,14,1,0
2017-01-11,2016,2017,OKC,MEM,Home,1,1,8,24,13,12,2,1
2017-01-13,2016,2017,OKC,MIN,Away,1,0,-10,21,11,12,2,0
2017-01-15,2016,2017,OKC,SAC,Away,1,1,4,36,11,10,4,0
2017-01-16,2016,2017,OKC,LAC,Away,1,0,-22,24,5,4,2,0
2017-01-18,2016,2017,OKC,GSW,Away,1,0,-21,27,15,13,2,2
2017-01-23,2016,2017,OKC,UTA,Away,1,1,2,38,11,10,4,1
2017-01-25,2016,2017,OKC,NOP,Away,1,1,9,27,12,10,1,1
2017-01-26,2016,2017,OKC,DAL,Home,1,1,11,45,8,3,2,0
2017-01-29,2016,2017,OKC,CLE,Away,1,0,-16,20,12,10,1,1
2017-01-31,2016,2017,OKC,SAS,Away,1,0,-14,27,6,14,1,0
2017-02-01,2016,2017,OKC,CHI,Home,1,0,-28,28,5,8,2,1
2017-02-03,2016,2017,OKC,MEM,Home,1,1,12,38,13,12,3,0
2017-02-05,2016,2017,OKC,POR,Home,1,1,6,42,4,8,0,0
2017-02-06,2016,2017,OKC,IND,Away,1,0,-3,27,18,9,1,2
2017-02-09,2016,2017,OKC,CLE,Home,1,1,9,29,12,11,4,0
2017-02-11,2016,2017,OKC,GSW,Home,1,0,-16,47,11,8,1,0
2017-02-13,2016,2017,OKC,WAS,Away,1,0,-22,17,4,4,2,0
2017-02-15,2016,2017,OKC,NYK,Home,1,1,11,38,14,12,3,1
2017-02-24,2016,2017,OKC,LAL,Home,1,1,17,17,18,17,3,0
2017-02-26,2016,2017,OKC,NOP,Home,1,1,8,41,11,11,1,0
2017-02-28,2016,2017,OKC,UTA,Home,1,1,3,43,11,10,0,0
2017-03-02,2016,2017,OKC,POR,Away,1,0,-5,45,7,4,1,1
2017-03-03,2016,2017,OKC,PHO,Away,1,0,-7,48,17,9,3,0
2017-03-05,2016,2017,OKC,DAL,Away,1,0,-15,29,6,5,2,1
2017-03-07,2016,2017,OKC,POR,Home,1,0,-5,58,3,9,3,1
2017-03-09,2016,2017,OKC,SAS,Home,1,1,10,23,13,13,2,0
2017-03-11,2016,2017,OKC,UTA,Home,1,1,8,33,11,14,2,2
2017-03-14,2016,2017,OKC,BRK,Away,1,1,18,25,12,19,2,1
2017-03-16,2016,2017,OKC,TOR,Away,1,1,21,24,10,16,1,0
2017-03-18,2016,2017,OKC,SAC,Home,1,1,16,28,8,10,4,0
2017-03-20,2016,2017,OKC,GSW,Home,1,0,-16,15,8,7,2,0
2017-03-22,2016,2017,OKC,PHI,Home,1,1,25,18,11,14,0,2
2017-03-26,2016,2017,OKC,HOU,Away,1,0,-12,39,11,13,0,0
2017-03-27,2016,2017,OKC,DAL,Away,1,1,1,37,13,10,2,0
2017-03-29,2016,2017,OKC,ORL,Away,1,1,8,57,13,11,3,0
2017-03-31,2016,2017,OKC,SAS,Home,1,0,-5,32,15,12,0,0
2017-04-02,2016,2017,OKC,CHO,Home,1,0,-12,40,13,10,2,0
2017-04-04,2016,2017,OKC,MIL,Home,1,1,31,12,13,13,2,0
2017-04-05,2016,2017,OKC,MEM,Away,1,1,3,45,9,10,4,0
2017-04-07,2016,2017,OKC,PHO,Away,1,0,-21,23,12,8,0,1
2017-04-09,2016,2017,OKC,DEN,Away,1,1,1,50,16,10,1,0
2017-04-11,2016,2017,OKC,MIN,Away,0,1,2,0,0,0,0,0
2017-04-12,2016,2017,OKC,DEN,Home,1,0,-6,5,5,8,0,1
2017-10-19,2017,2018,OKC,NYK,Home,1,1,21,21,10,16,0,1
2017-10-21,2017,2018,OKC,UTA,Away,1,0,-9,6,13,9,2,0
2017-10-22,2017,2018,OKC,MIN,Home,1,0,-2,31,5,10,0,1
2017-10-25,2017,2018,OKC,IND,Home,1,1,18,28,10,16,3,0
2017-10-27,2017,2018,OKC,MIN,Away,1,0,-3,27,8,9,2,0
2017-10-28,2017,2018,OKC,CHI,Away,1,1,32,12,13,13,2,0
2017-10-31,2017,2018,OKC,MIL,Away,1,1,19,12,10,10,0,0
2017-11-03,2017,2018,OKC,BOS,Home,1,0,-7,19,6,11,1,0
2017-11-05,2017,2018,OKC,POR,Away,1,0,-4,25,6,9,2,0
2017-11-07,2017,2018,OKC,SAC,Away,1,0,-8,20,12,6,3,0
2017-11-09,2017,2018,OKC,DEN,Away,1,0,-8,13,7,5,3,0
2017-11-10,2017,2018,OKC,LAC,Home,1,1,9,22,3,8,3,0
2017-11-12,2017,2018,OKC,DAL,Home,1,1,13,27,6,5,3,0
2017-11-15,2017,2018,OKC,CHI,Home,1,1,13,21,5,7,4,0
2017-11-17,2017,2018,OKC,SAS,Away,1,0,-3,15,9,9,0,0
2017-11-20,2017,2018,OKC,NOP,Away,1,0,-7,22,16,12,3,0
2017-11-22,2017,2018,OKC,GSW,Home,1,1,17,34,10,9,4,0
2017-11-24,2017,2018,OKC,DET,Home,1,0,-1,27,11,11,3,0
2017-11-25,2017,2018,OKC,DAL,Away,1,0,-16,28,12,9,1,0
2017-11-29,2017,2018,OKC,ORL,Away,1,0,-13,37,11,5,5,0
2017-12-01,2017,2018,OKC,MIN,Home,1,1,4,15,9,14,2,0
2017-12-03,2017,2018,OKC,SAS,Home,1,1,3,22,9,10,1,0
2017-12-05,2017,2018,OKC,UTA,Home,1,1,6,34,12,14,1,1
2017-12-07,2017,2018,OKC,BRK,Away,1,0,-5,31,8,6,0,0
2017-12-09,2017,2018,OKC,MEM,Away,1,1,1,20,11,14,1,0
2017-12-11,2017,2018,OKC,CHO,Home,1,0,-13,30,4,7,3,0
2017-12-13,2017,2018,OKC,IND,Away,1,1,5,10,17,12,2,0
2017-12-15,2017,2018,OKC,PHI,Away,1,1,2,27,17,15,2,0
2017-12-16,2017,2018,OKC,NYK,Away,1,0,-15,25,7,7,2,0
2017-12-18,2017,2018,OKC,DEN,Home,1,1,1,38,9,6,3,1
2017-12-20,2017,2018,OKC,UTA,Home,1,1,28,24,10,7,4,0
2017-12-22,2017,2018,OKC,ATL,Home,1,1,3,30,7,15,2,1
2017-12-23,2017,2018,OKC,UTA,Away,1,1,14,27,10,10,1,1
2017-12-25,2017,2018,OKC,HOU,Home,1,1,5,31,6,11,3,0
2017-12-27,2017,2018,OKC,TOR,Home,1,1,17,30,8,13,2,0
2017-12-29,2017,2018,OKC,MIL,Home,1,0,-2,40,14,9,1,0
2017-12-31,2017,2018,OKC,DAL,Home,1,0,-3,38,15,11,1,0
2018-01-03,2017,2018,OKC,LAL,Away,1,1,37,20,6,12,1,0
2018-01-04,2017,2018,OKC,LAC,Away,1,1,10,29,12,11,1,0
2018-01-07,2017,2018,OKC,PHO,Away,1,0,-14,26,10,11,2,0
2018-01-09,2017,2018,OKC,POR,Home,1,0,-11,22,9,12,3,2
2018-01-10,2017,2018,OKC,MIN,Away,1,0,-16,38,10,5,4,0
2018-01-13,2017,2018,OKC,CHO,Away,1,1,10,25,10,7,2,1
2018-01-15,2017,2018,OKC,SAC,Home,1,1,7,19,16,9,1,0
2018-01-17,2017,2018,OKC,LAL,Home,1,1,24,19,6,7,2,0
2018-01-20,2017,2018,OKC,CLE,Away,1,1,24,23,9,20,2,0
2018-01-23,2017,2018,OKC,BRK,Home,1,1,1,32,5,6,1,0
2018-01-25,2017,2018,OKC,WAS,Home,1,1,9,46,6,6,2,0
2018-01-27,2017,2018,OKC,DET,Away,1,1,13,31,11,13,2,0
2018-01-28,2017,2018,OKC,PHI,Home,1,1,10,37,9,14,2,0
2018-01-30,2017,2018,OKC,WAS,Away,1,0,-6,13,6,10,4,0
2018-02-01,2017,2018,OKC,DEN,Away,1,0,-3,20,9,21,2,1
2018-02-02,2017,2018,OKC,NOP,Home,1,0,-14,16,11,14,1,0
2018-02-04,2017,2018,OKC,LAL,Home,1,0,-4,36,5,9,1,0
2018-02-06,2017,2018,OKC,GSW,Away,1,1,20,34,9,9,0,0
2018-02-08,2017,2018,OKC,LAL,Away,0,0,-25,0,0,0,0,0
2018-02-11,2017,2018,OKC,MEM,Home,0,1,18,0,0,0,0,0
2018-02-13,2017,2018,OKC,CLE,Home,1,0,-8,21,7,12,2,0
2018-02-14,2017,2018,OKC,MEM,Away,1,1,7,23,13,15,1,2
2018-02-22,2017,2018,OKC,SAC,Away,1,1,3,17,15,11,2,0
2018-02-24,2017,2018,OKC,GSW,Away,1,0,-32,15,12,7,2,0
2018-02-26,2017,2018,OKC,ORL,Home,1,1,7,8,12,11,1,0
2018-02-28,2017,2018,OKC,DAL,Away,1,1,1,30,11,7,3,1
2018-03-02,2017,2018,OKC,PHO,Away,1,1,8,43,14,8,1,1
2018-03-03,2017,2018,OKC,POR,Away,1,0,-8,30,11,6,0,1
2018-03-06,2017,2018,OKC,HOU,Home,1,0,-10,32,4,7,1,1
2018-03-08,2017,2018,OKC,PHO,Home,1,1,28,27,8,9,0,0
2018-03-10,2017,2018,OKC,SAS,Home,1,1,10,21,12,10,1,0
2018-03-12,2017,2018,OKC,SAC,Home,1,1,5,17,10,11,0,0
2018-03-13,2017,2018,OKC,ATL,Away,1,1,12,32,12,12,1,1
2018-03-16,2017,2018,OKC,LAC,Home,1,1,8,16,10,11,0,0
2018-03-18,2017,2018,OKC,TOR,Away,1,1,7,37,13,14,2,0
2018-03-20,2017,2018,OKC,BOS,Away,1,0,-1,27,8,7,1,0
2018-03-23,2017,2018,OKC,MIA,Home,1,1,6,29,13,8,1,0
2018-03-25,2017,2018,OKC,POR,Home,1,0,-3,23,8,9,4,0
2018-03-29,2017,2018,OKC,SAS,Away,1,0,-4,19,11,5,3,1
2018-03-30,2017,2018,OKC,DEN,Home,1,0,-1,33,9,13,2,1
2018-04-01,2017,2018,OKC,NOP,Away,1,1,5,26,15,13,2,0
2018-04-03,2017,2018,OKC,GSW,Home,1,0,-4,44,16,6,2,0
2018-04-07,2017,2018,OKC,HOU,Away,1,1,6,24,7,10,4,1
2018-04-09,2017,2018,OKC,MIA,Away,1,1,22,23,18,13,1,0
2018-04-11,2017,2018,OKC,MEM,Home,1,1,14,6,20,19,2,0
2018-10-16,2018,2019,OKC,GSW,Away,0,0,-8,0,0,0,0,0
2018-10-19,2018,2019,OKC,LAC,Away,0,0,-16,0,0,0,0,0
2018-10-21,2018,2019,OKC,SAC,Home,1,0,-11,32,12,8,0,0
2018-10-25,2018,2019,OKC,BOS,Home,1,0,-6,13,15,8,0,0
2018-10-28,2018,2019,OKC,PHO,Home,1,1,7,23,9,7,4,0
2018-10-30,2018,2019,OKC,LAC,Home,1,1,18,32,4,8,3,1
2018-11-01,2018,2019,OKC,CHO,Away,1,1,4,29,8,10,3,0
2018-11-02,2018,2019,OKC,WAS,Away,1,1,23,23,3,12,4,0
2018-11-05,2018,2019,OKC,NOP,Home,1,1,6,17,7,9,1,0
2018-11-07,2018,2019,OKC,CLE,Away,0,1,9,0,0,0,0,0
2018-11-08,2018,2019,OKC,HOU,Home,0,1,18,0,0,0,0,0
2018-11-10,2018,2019,OKC,DAL,Away,0,0,-15,0,0,0,0,0
2018-11-12,2018,2019,OKC,PHO,Home,0,1,17,0,0,0,0,0
2018-11-14,2018,2019,OKC,NYK,Home,0,1,25,0,0,0,0,0
2018-11-17,2018,2019,OKC,PHO,Away,0,1,10,0,0,0,0,0
2018-11-19,2018,2019,OKC,SAC,Away,1,0,-4,29,13,7,3,0
2018-11-21,2018,2019,OKC,GSW,Away,1,1,28,11,11,13,2,1
2018-11-23,2018,2019,OKC,CHO,Home,1,1,5,30,12,8,2,0
2018-11-24,2018,2019,OKC,DEN,Home,1,0,-7,16,10,12,1,0
2018-11-28,2018,2019,OKC,CLE,Home,1,1,17,23,18,15,2,0
2018-11-30,2018,2019,OKC,ATL,Home,1,1,15,23,9,10,1,0
2018-12-03,2018,2019,OKC,DET,Away,1,1,27,18,6,6,2,0
2018-12-05,2018,2019,OKC,BRK,Away,1,1,2,21,15,17,1,0
2018-12-07,2018,2019,OKC,CHI,Away,1,0,-2,24,17,13,4,0
2018-12-10,2018,2019,OKC,UTA,Home,1,1,9,12,11,10,1,0
2018-12-12,2018,2019,OKC,NOP,Away,1,0,-4,20,6,7,4,2
2018-12-14,2018,2019,OKC,DEN,Away,1,0,-11,13,14,8,4,1
2018-12-15,2018,2019,OKC,LAC,Home,1,1,6,13,9,12,6,0
2018-12-17,2018,2019,OKC,CHI,Home,1,1,25,13,16,11,5,0
2018-12-19,2018,2019,OKC,SAC,Away,1,1,19,19,11,17,6,0
2018-12-22,2018,2019,OKC,UTA,Away,1,1,1,8,12,9,3,0
2018-12-23,2018,2019,OKC,MIN,Home,1,0,-2,23,11,10,1,0
2018-12-25,2018,2019,OKC,HOU,Away,1,0,-4,21,9,9,4,1
2018-12-28,2018,2019,OKC,PHO,Away,1,1,16,40,12,8,0,0
2018-12-30,2018,2019,OKC,DAL,Away,1,0,-2,9,9,8,6,0
2018-12-31,2018,2019,OKC,DAL,Home,1,1,20,32,11,11,4,0
2019-01-02,2018,2019,OKC,LAL,Away,1,1,7,14,16,10,2,2
2019-01-04,2018,2019,OKC,POR,Away,1,1,2,31,9,7,1,0
2019-01-06,2018,2019,OKC,WAS,Home,1,0,-18,22,15,13,0,1
2019-01-08,2018,2019,OKC,MIN,Home,1,0,-2,25,5,16,1,2
2019-01-10,2018,2019,OKC,SAS,Away,1,0,-7,24,13,24,2,0
2019-01-12,2018,2019,OKC,SAS,Home,1,1,10,24,10,7,2,0
2019-01-15,2018,2019,OKC,ATL,Away,1,0,-16,31,6,11,5,0
2019-01-17,2018,2019,OKC,LAL,Home,1,0,-10,26,9,13,1,1
2019-01-19,2018,2019,OKC,PHI,Away,1,1,2,21,10,6,1,0
2019-01-21,2018,2019,OKC,NYK,Away,1,1,18,17,10,9,0,0
2019-01-22,2018,2019,OKC,POR,Home,1,1,9,29,10,14,1,0
2019-01-24,2018,2019,OKC,NOP,Home,1,1,6,23,17,16,2,0
2019-01-27,2018,2019,OKC,MIL,Home,1,1,6,13,13,11,1,1
2019-01-29,2018,2019,OKC,ORL,Away,1,1,9,23,14,14,0,1
2019-02-01,2018,2019,OKC,MIA,Away,1,1,16,14,12,14,1,1
2019-02-03,2018,2019,OKC,BOS,Away,1,0,-5,22,12,16,2,0
2019-02-05,2018,2019,OKC,ORL,Home,1,1,10,16,15,16,1,1
2019-02-07,2018,2019,OKC,MEM,Home,1,1,22,15,13,15,4,0
2019-02-09,2018,2019,OKC,HOU,Away,1,1,5,21,12,11,2,1
2019-02-11,2018,2019,OKC,POR,Home,1,1,9,21,14,11,1,2
2019-02-14,2018,2019,OKC,NOP,Away,1,0,-9,44,14,11,1,2
2019-02-22,2018,2019,OKC,UTA,Home,1,1,1,43,15,8,2,1
2019-02-23,2018,2019,OKC,SAC,Home,1,0,-3,41,10,4,1,1
2019-02-26,2018,2019,OKC,DEN,Away,1,0,-9,22,14,9,0,0
2019-02-28,2018,2019,OKC,PHI,Home,1,0,-4,23,11,11,1,1
2019-03-02,2018,2019,OKC,SAS,Away,1,0,-14,19,9,8,1,0
2019-03-03,2018,2019,OKC,MEM,Home,1,1,4,22,6,5,3,1
2019-03-05,2018,2019,OKC,MIN,Away,1,0,-11,38,13,6,0,0
2019-03-07,2018,2019,OKC,POR,Away,1,1,8,37,7,3,0,0
2019-03-08,2018,2019,OKC,LAC,Away,1,0,-8,32,8,7,0,1
2019-03-11,2018,2019,OKC,UTA,Away,1,1,9,23,11,8,1,1
2019-03-13,2018,2019,OKC,BRK,Home,1,1,12,31,12,11,3,0
2019-03-14,2018,2019,OKC,IND,Away,1,0,-2,19,14,11,4,2
2019-03-16,2018,2019,OKC,GSW,Home,1,0,-22,7,8,9,1,1
2019-03-18,2018,2019,OKC,MIA,Home,0,0,-9,0,0,0,0,0
2019-03-20,2018,2019,OKC,TOR,Home,1,0,-9,42,11,6,1,0
2019-03-22,2018,2019,OKC,TOR,Away,1,1,7,18,12,13,4,1
2019-03-25,2018,2019,OKC,MEM,Away,1,0,-12,16,5,7,0,0
2019-03-27,2018,2019,OKC,IND,Home,1,1,8,17,11,12,2,1
2019-03-29,2018,2019,OKC,DEN,Home,1,0,-10,27,9,9,2,0
2019-03-31,2018,2019,OKC,DAL,Home,1,0,-3,25,11,11,2,0
2019-04-02,2018,2019,OKC,LAL,Home,1,1,16,20,20,21,3,0
2019-04-05,2018,2019,OKC,DET,Home,1,1,13,19,8,15,1,0
2019-04-07,2018,2019,OKC,MIN,Away,1,1,6,27,10,15,1,0
2019-04-09,2018,2019,OKC,HOU,Home,1,1,1,29,12,10,0,0
2019-04-10,2018,2019,OKC,MIL,Away,1,1,11,15,11,17,1,1
2019-10-24,2019,2020,HOU,MIL,Home,1,0,-6,24,16,7,2,1
2019-10-26,2019,2020,HOU,NOP,Home,1,1,3,28,10,13,1,0
2019-10-28,2019,2020,HOU,OKC,Home,1,1,4,21,12,9,1,0
2019-10-30,2019,2020,HOU,WAS,Away,1,1,1,17,10,12,2,1
2019-11-01,2019,2020,HOU,BRK,Away,1,0,-7,27,7,8,4,1
2019-11-03,2019,2020,HOU,MIA,Away,1,0,-29,10,4,6,1,1
2019-11-04,2019,2020,HOU,MEM,Away,0,1,7,0,0,0,0,0
2019-11-06,2019,2020,HOU,GSW,Home,1,1,17,18,8,6,2,0
2019-11-09,2019,2020,HOU,CHI,Away,1,1,23,26,6,2,1,0
2019-11-11,2019,2020,HOU,NOP,Away,1,1,6,26,5,4,4,0
2019-11-13,2019,2020,HOU,LAC,Home,1,1,9,17,2,2,0,0
2019-11-15,2019,2020,HOU,IND,Home,1,1,9,17,8,6,1,0
2019-11-16,2019,2020,HOU,MIN,Away,0,1,20,0,0,0,0,0
2019-11-18,2019,2020,HOU,POR,Home,1,1,24,28,13,10,2,1
2019-11-20,2019,2020,HOU,DEN,Away,1,0,-10,25,2,5,0,0
2019-11-22,2019,2020,HOU,LAC,Away,1,0,-3,22,5,6,2,0
2019-11-24,2019,2020,HOU,DAL,Home,1,0,-14,27,5,6,0,0
2019-11-27,2019,2020,HOU,MIA,Home,1,1,9,27,9,7,2,0
2019-11-30,2019,2020,HOU,ATL,Home,1,1,47,15,8,8,0,0
2019-12-03,2019,2020,HOU,SAS,Away,1,0,-2,19,10,10,2,1
2019-12-05,2019,2020,HOU,TOR,Away,1,1,10,19,13,11,2,0
2019-12-07,2019,2020,HOU,PHO,Home,1,1,6,24,14,11,3,2
2019-12-09,2019,2020,HOU,SAC,Home,1,0,-1,34,3,8,2,0
2019-12-11,2019,2020,HOU,CLE,Away,1,1,6,23,7,6,4,0
2019-12-13,2019,2020,HOU,ORL,Away,1,1,23,23,7,6,0,0
2019-12-14,2019,2020,HOU,DET,Home,0,0,-8,0,0,0,0,0
2019-12-16,2019,2020,HOU,SAS,Home,1,1,2,31,10,4,1,1
2019-12-19,2019,2020,HOU,LAC,Away,1,1,5,40,10,5,1,0
2019-12-21,2019,2020,HOU,PHO,Away,1,1,14,30,4,10,2,1
2019-12-23,2019,2020,HOU,SAC,Away,1,1,9,28,7,6,1,0
2019-12-25,2019,2020,HOU,GSW,Away,1,0,-12,30,12,5,0,0
2019-12-28,2019,2020,HOU,BRK,Home,1,1,10,23,9,7,1,1
2019-12-29,2019,2020,HOU,NOP,Away,0,0,-15,0,0,0,0,0
2019-12-31,2019,2020,HOU,DEN,Home,1,1,26,28,3,7,1,1
2020-01-03,2019,2020,HOU,PHI,Home,1,1,10,20,7,4,3,0
2020-01-08,2019,2020,HOU,ATL,Away,0,1,7,0,0,0,0,0
2020-01-09,2019,2020,HOU,OKC,Away,1,0,-21,34,2,5,0,0
2020-01-11,2019,2020,HOU,MIN,Home,1,1,30,30,6,10,2,0
2020-01-14,2019,2020,HOU,MEM,Away,0,0,-11,0,0,0,0,0
2020-01-15,2019,2020,HOU,POR,Home,1,0,-10,31,11,12,1,0
2020-01-18,2019,2020,HOU,LAL,Home,1,0,-9,35,9,7,3,0
2020-01-20,2019,2020,HOU,OKC,Home,1,0,-5,32,11,12,2,0
2020-01-22,2019,2020,HOU,DEN,Home,1,1,16,28,16,8,4,1
2020-01-24,2019,2020,HOU,MIN,Away,1,1,7,45,6,10,1,0
2020-01-26,2019,2020,HOU,DEN,Away,1,0,-7,32,7,7,2,1
2020-01-27,2019,2020,HOU,UTA,Away,0,1,9,0,0,0,0,0
2020-01-29,2019,2020,HOU,POR,Away,1,0,-13,39,10,6,2,1
2020-01-31,2019,2020,HOU,DAL,Home,1,1,7,32,6,9,3,0
2020-02-02,2019,2020,HOU,NOP,Home,1,1,8,22,6,7,1,0
2020-02-04,2019,2020,HOU,CHO,Home,0,1,15,0,0,0,0,0
2020-02-06,2019,2020,HOU,LAL,Away,1,1,10,41,8,5,1,0
2020-02-07,2019,2020,HOU,PHO,Away,0,0,-36,0,0,0,0,0
2020-02-09,2019,2020,HOU,UTA,Home,1,0,-1,39,6,4,1,1
2020-02-11,2019,2020,HOU,BOS,Home,1,1,11,36,10,5,2,0
2020-02-20,2019,2020,HOU,GSW,Away,1,1,30,21,5,10,1,0
2020-02-22,2019,2020,HOU,UTA,Away,1,1,10,34,6,4,1,0
2020-02-24,2019,2020,HOU,NYK,Home,0,1,11,0,0,0,0,0
2020-02-26,2019,2020,HOU,MEM,Home,1,1,28,33,9,8,4,0
2020-02-29,2019,2020,HOU,BOS,Away,1,1,1,41,8,5,3,0
2020-03-02,2019,2020,HOU,NYK,Away,1,0,-2,24,9,3,0,1
2020-03-05,2019,2020,HOU,LAC,Home,1,0,-15,29,15,5,1,0
2020-03-07,2019,2020,HOU,CHO,Away,0,0,-9,0,0,0,0,0
2020-03-08,2019,2020,HOU,ORL,Home,1,0,-20,24,8,4,1,0
2020-03-10,2019,2020,HOU,MIN,Home,1,1,6,27,6,7,4,0
2020-07-31,2019,2020,HOU,DAL,Away,1,1,4,31,11,8,2,1
2020-08-02,2019,2020,HOU,MIL,Home,1,1,4,31,6,8,0,1
2020-08-04,2019,2020,HOU,POR,Away,1,0,-8,15,3,9,2,1
2020-08-06,2019,2020,HOU,LAL,Home,0,1,16,0,0,0,0,0
2020-08-09,2019,2020,HOU,SAC,Away,0,1,17,0,0,0,0,0
2020-08-11,2019,2020,HOU,SAS,Away,1,0,-18,20,5,6,1,0
2020-08-12,2019,2020,HOU,IND,Home,0,0,-4,0,0,0,0,0
2020-08-14,2019,2020,HOU,PHI,Home,0,0,-38,0,0,0,0,0
2020-12-23,2020,2021,WAS,PHI,Away,1,0,-6,21,11,15,0,0
2020-12-26,2020,2021,WAS,ORL,Home,1,0,-10,15,15,12,2,0
2020-12-27,2020,2021,WAS,ORL,Home,0,0,-7,0,0,0,0,0
2020-12-29,2020,2021,WAS,CHI,Home,1,0,-8,21,15,11,1,0
2020-12-31,2020,2021,WAS,CHI,Home,1,0,-3,22,10,11,1,0
2021-01-01,2020,2021,WAS,MIN,Away,0,1,21,0,0,0,0,0
2021-01-03,2020,2021,WAS,BRK,Away,1,1,1,24,5,10,2,0
2021-01-06,2020,2021,WAS,PHI,Away,1,0,-5,20,8,12,3,1
2021-01-08,2020,2021,WAS,BOS,Away,1,0,-9,12,4,8,0,1
2021-01-09,2020,2021,WAS,MIA,Home,0,0,-4,0,0,0,0,0
2021-01-11,2020,2021,WAS,PHO,Home,0,1,21,0,0,0,0,0
2021-01-24,2020,2021,WAS,SAS,Away,1,0,-20,9,8,6,0,0
2021-01-26,2020,2021,WAS,HOU,Away,1,0,-19,19,11,7,0,0
2021-01-27,2020,2021,WAS,NOP,Away,0,0,-18,0,0,0,0,0
2021-01-29,2020,2021,WAS,ATL,Home,1,0,-16,26,6,4,0,1
2021-01-31,2020,2021,WAS,BRK,Home,1,1,3,41,10,8,2,1
2021-02-02,2020,2021,WAS,POR,Home,1,0,-11,17,12,10,0,0
2021-02-03,2020,2021,WAS,MIA,Away,0,1,3,0,0,0,0,0
2021-02-05,2020,2021,WAS,MIA,Away,1,0,-27,13,3,3,0,0
2021-02-07,2020,2021,WAS,CHO,Away,1,0,-22,12,11,9,0,2
2021-02-08,2020,2021,WAS,CHI,Away,0,1,4,0,0,0,0,0
2021-02-10,2020,2021,WAS,TOR,Home,1,0,-22,23,6,7,1,0
2021-02-12,2020,2021,WAS,NYK,Home,1,0,-18,23,9,10,1,0
2021-02-14,2020,2021,WAS,BOS,Home,1,1,13,13,9,11,1,0
2021-02-15,2020,2021,WAS,HOU,Home,1,1,12,16,13,15,0,0
2021-02-17,2020,2021,WAS,DEN,Home,1,1,2,12,13,12,2,1
2021-02-20,2020,2021,WAS,POR,Away,1,1,7,27,11,13,0,0
2021-02-22,2020,2021,WAS,LAL,Away,1,1,3,32,14,9,0,0
2021-02-23,2020,2021,WAS,LAC,Away,1,0,-19,20,9,10,2,1
2021-02-25,2020,2021,WAS,DEN,Away,1,1,2,16,10,10,3,0
2021-02-27,2020,2021,WAS,MIN,Home,1,1,16,19,14,12,2,0
2021-02-28,2020,2021,WAS,BOS,Away,1,0,-1,24,11,4,1,1
2021-03-02,2020,2021,WAS,MEM,Home,1,0,-14,23,6,15,3,0
2021-03-04,2020,2021,WAS,LAC,Home,1,1,2,27,9,11,4,0
2021-03-10,2020,2021,WAS,MEM,Away,1,0,-15,20,5,10,3,0
2021-03-12,2020,2021,WAS,PHI,Home,1,0,-26,25,5,8,1,0
2021-03-13,2020,2021,WAS,MIL,Home,1,0,-6,42,10,12,2,0
2021-03-15,2020,2021,WAS,MIL,Home,1,0,-11,23,5,17,1,1
2021-03-17,2020,2021,WAS,SAC,Home,1,0,-2,26,14,10,1,0
2021-03-18,2020,2021,WAS,UTA,Home,1,1,9,35,15,13,2,1
2021-03-21,2020,2021,WAS,BRK,Away,1,0,-7,29,13,13,2,0
2021-03-23,2020,2021,WAS,NYK,Away,1,0,-18,14,4,12,2,0
2021-03-25,2020,2021,WAS,NYK,Away,1,0,-4,13,18,9,2,4
2021-03-27,2020,2021,WAS,DET,Home,1,1,14,19,19,10,0,0
2021-03-29,2020,2021,WAS,IND,Home,1,1,8,35,14,21,2,1
2021-03-30,2020,2021,WAS,CHO,Home,1,0,-10,22,15,14,2,0
2021-04-01,2020,2021,WAS,DET,Away,1,0,-29,16,11,12,0,1
2021-04-03,2020,2021,WAS,DAL,Home,1,0,-22,26,14,5,1,0
2021-04-05,2020,2021,WAS,TOR,Away,1,0,-2,23,14,11,1,0
2021-04-07,2020,2021,WAS,ORL,Away,1,1,15,23,14,15,0,1
2021-04-09,2020,2021,WAS,GSW,Away,1,1,3,19,14,14,1,0
2021-04-10,2020,2021,WAS,PHO,Away,1,0,-28,17,11,14,1,0
2021-04-12,2020,2021,WAS,UTA,Away,1,1,4,25,14,14,1,0
2021-04-14,2020,2021,WAS,SAC,Away,1,1,12,25,15,11,4,0
2021-04-16,2020,2021,WAS,NOP,Home,1,1,2,36,15,9,0,0
2021-04-17,2020,2021,WAS,DET,Home,1,1,21,15,14,11,2,0
2021-04-19,2020,2021,WAS,OKC,Home,1,1,12,13,11,17,3,0
2021-04-21,2020,2021,WAS,GSW,Home,1,1,4,14,20,10,3,0
2021-04-23,2020,2021,WAS,OKC,Away,1,1,20,37,11,11,0,0
2021-04-25,2020,2021,WAS,CLE,Home,1,1,9,14,5,11,2,0
2021-04-26,2020,2021,WAS,SAS,Home,1,0,-3,22,13,14,1,1
2021-04-28,2020,2021,WAS,LAL,Home,1,1,9,18,18,14,2,0
2021-04-30,2020,2021,WAS,CLE,Away,1,1,29,15,12,11,1,0
2021-05-01,2020,2021,WAS,DAL,Away,1,0,-1,42,10,9,2,0
2021-05-03,2020,2021,WAS,IND,Home,1,1,13,14,21,24,1,1
2021-05-05,2020,2021,WAS,MIL,Away,1,0,-1,29,12,17,3,1
2021-05-06,2020,2021,WAS,TOR,Away,1,1,2,13,17,17,1,0
2021-05-08,2020,2021,WAS,IND,Away,1,1,1,33,19,15,1,2
2021-05-10,2020,2021,WAS,ATL,Away,1,0,-1,28,13,21,0,0
2021-05-12,2020,2021,WAS,ATL,Away,1,0,-4,34,5,15,3,0
2021-05-14,2020,2021,WAS,CLE,Home,1,1,15,21,12,17,3,0
2021-05-16,2020,2021,WAS,CHO,Home,1,1,5,23,15,10,1,0
2021-10-19,2021,2022,LAL,GSW,Home,1,0,-7,8,5,4,0,0
2021-10-22,2021,2022,LAL,PHO,Home,1,0,-10,15,11,9,2,1
2021-10-24,2021,2022,LAL,MEM,Home,1,1,3,13,7,13,4,0
2021-10-26,2021,2022,LAL,SAS,Away,1,1,4,33,10,8,3,0
2021-10-27,2021,2022,LAL,OKC,Away,1,0,-8,20,14,13,1,0
2021-10-29,2021,2022,LAL,CLE,Home,1,1,12,19,6,5,0,0
2021-10-31,2021,2022,LAL,HOU,Home,1,1,10,20,8,9,1,0
2021-11-02,2021,2022,LAL,HOU,Home,1,1,2,27,9,7,0,0
2021-11-04,2021,2022,LAL,OKC,Home,1,0,-3,27,6,5,0,0
2021-11-06,2021,2022,LAL,POR,Away,1,0,-15,8,9,6,2,0
2021-11-08,2021,2022,LAL,CHO,Home,1,1,3,17,12,14,3,0
2021-11-10,2021,2022,LAL,MIA,Home,1,1,3,25,12,14,1,2
2021-11-12,2021,2022,LAL,MIN,Home,1,0,-24,20,5,3,0,0
2021-11-14,2021,2022,LAL,SAS,Home,1,1,8,14,11,7,2,0
2021-11-15,2021,2022,LAL,CHI,Home,1,0,-18,25,6,8,1,0
2021-11-17,2021,2022,LAL,MIL,Away,1,0,-7,19,4,15,1,0
2021-11-19,2021,2022,LAL,BOS,Away,1,0,-22,12,4,6,1,0
2021-11-21,2021,2022,LAL,DET,Away,1,1,5,26,9,10,2,0
2021-11-23,2021,2022,LAL,NYK,Away,1,0,-6,31,13,10,2,0
2021-11-24,2021,2022,LAL,IND,Away,1,1,8,20,7,5,0,1
2021-11-26,2021,2022,LAL,SAC,Home,1,0,-4,29,10,11,2,0
2021-11-28,2021,2022,LAL,DET,Home,1,1,4,25,6,9,1,0
2021-11-30,2021,2022,LAL,SAC,Away,1,1,25,23,5,6,1,0
2021-12-03,2021,2022,LAL,LAC,Home,1,0,-4,10,2,9,1,0
2021-12-07,2021,2022,LAL,BOS,Home,1,1,15,24,3,11,1,0
2021-12-09,2021,2022,LAL,MEM,Away,1,0,-13,9,6,7,0,1
2021-12-10,2021,2022,LAL,OKC,Away,1,1,21,8,9,7,0,1
2021-12-12,2021,2022,LAL,ORL,Home,1,1,12,19,7,5,2,0
2021-12-15,2021,2022,LAL,DAL,Away,1,1,3,23,10,9,0,0
2021-12-17,2021,2022,LAL,MIN,Away,1,0,-18,14,4,3,0,1
2021-12-19,2021,2022,LAL,CHI,Away,1,0,-5,20,9,8,1,2
2021-12-21,2021,2022,LAL,PHO,Home,1,0,-18,22,10,5,3,0
2021-12-23,2021,2022,LAL,SAS,Home,1,0,-28,30,7,4,1,0
2021-12-25,2021,2022,LAL,BRK,Home,1,0,-7,13,12,11,1,0
2021-12-28,2021,2022,LAL,HOU,Away,1,1,9,24,13,10,2,0
2021-12-29,2021,2022,LAL,MEM,Away,1,0,-5,16,10,12,0,0
2021-12-31,2021,2022,LAL,POR,Home,1,1,33,15,13,12,2,0
2022-01-02,2021,2022,LAL,MIN,Home,1,1,5,20,3,5,1,1
2022-01-04,2021,2022,LAL,SAC,Home,1,1,8,19,7,2,1,1
2022-01-07,2021,2022,LAL,ATL,Home,1,1,16,9,11,13,0,0
2022-01-09,2021,2022,LAL,MEM,Home,1,0,-8,6,7,6,0,1
2022-01-12,2021,2022,LAL,SAC,Away,1,0,-9,8,12,6,1,0
2022-01-15,2021,2022,LAL,DEN,Away,1,0,-37,19,5,3,0,0
2022-01-17,2021,2022,LAL,UTA,Home,1,1,6,15,8,3,1,0
2022-01-19,2021,2022,LAL,IND,Home,1,0,-7,14,2,3,1,0
2022-01-21,2021,2022,LAL,ORL,Away,1,1,11,18,11,7,3,0
2022-01-23,2021,2022,LAL,MIA,Away,1,0,-6,24,9,9,0,0
2022-01-25,2021,2022,LAL,BRK,Away,1,1,10,15,6,4,1,0
2022-01-27,2021,2022,LAL,PHI,Away,1,0,-18,20,4,3,1,1
2022-01-28,2021,2022,LAL,CHO,Away,1,0,-3,35,4,5,0,0
2022-01-30,2021,2022,LAL,ATL,Away,1,0,-8,20,7,12,1,0
2022-02-02,2021,2022,LAL,POR,Home,1,1,5,9,10,13,1,0
2022-02-03,2021,2022,LAL,LAC,Away,1,0,-1,17,6,4,1,0
2022-02-05,2021,2022,LAL,NYK,Home,1,1,7,5,4,6,1,1
2022-02-08,2021,2022,LAL,MIL,Home,1,0,-15,10,10,5,0,1
2022-02-09,2021,2022,LAL,POR,Away,0,0,-2,0,0,0,0,0
2022-02-12,2021,2022,LAL,GSW,Away,1,0,-2,19,7,5,1,0
2022-02-16,2021,2022,LAL,UTA,Home,1,1,5,17,7,6,1,0
2022-02-25,2021,2022,LAL,LAC,Home,1,0,-3,18,3,1,1,0
2022-02-27,2021,2022,LAL,NOP,Home,1,0,-28,16,6,1,1,0
2022-03-01,2021,2022,LAL,DAL,Home,1,0,-5,12,6,8,2,1
2022-03-03,2021,2022,LAL,LAC,Away,1,0,-21,17,8,3,0,0
2022-03-05,2021,2022,LAL,GSW,Home,1,1,8,20,4,4,0,0
2022-03-07,2021,2022,LAL,SAS,Away,1,0,-7,17,10,6,0,0
2022-03-09,2021,2022,LAL,HOU,Away,1,0,-9,30,8,6,0,1
2022-03-11,2021,2022,LAL,WAS,Home,1,1,13,5,3,9,1,1
2022-03-13,2021,2022,LAL,PHO,Away,1,0,-29,13,2,2,0,0
2022-03-14,2021,2022,LAL,TOR,Home,1,0,-11,14,8,4,1,0
2022-03-16,2021,2022,LAL,MIN,Away,1,0,-20,15,4,5,2,0
2022-03-18,2021,2022,LAL,TOR,Away,1,1,5,22,10,10,1,0
2022-03-19,2021,2022,LAL,WAS,Away,1,0,-8,22,10,8,1,1
2022-03-21,2021,2022,LAL,CLE,Away,1,1,11,20,5,11,1,0
2022-03-23,2021,2022,LAL,PHI,Home,1,0,-5,24,9,8,1,0
2022-03-27,2021,2022,LAL,NOP,Away,1,0,-8,18,7,6,1,0
2022-03-29,2021,2022,LAL,DAL,Away,1,0,-18,25,8,6,0,0
2022-03-31,2021,2022,LAL,UTA,Away,1,0,-13,24,6,7,0,0
2022-04-01,2021,2022,LAL,NOP,Home,1,0,-3,12,4,5,0,0
2022-04-03,2021,2022,LAL,DEN,Home,1,0,-11,27,10,7,2,1
2022-04-05,2021,2022,LAL,PHO,Away,1,0,-11,28,5,3,0,0
2022-04-07,2021,2022,LAL,GSW,Away,0,0,-16,0,0,0,0,0
2022-04-08,2021,2022,LAL,OKC,Home,0,1,19,0,0,0,0,0
2022-04-10,2021,2022,LAL,DEN,Away,0,1,5,0,0,0,0,0
2022-10-18,2022,2023,LAL,GSW,Away,1,0,-14,19,11,3,1,0
2022-10-20,2022,2023,LAL,LAC,Home,1,0,-6,2,3,4,5,0
2022-10-23,2022,2023,LAL,POR,Home,1,0,-2,10,6,6,0,0
2022-10-26,2022,2023,LAL,DEN,Away,0,0,-11,0,0,0,0,0
2022-10-28,2022,2023,LAL,MIN,Away,1,0,-9,18,8,3,1,1
2022-10-30,2022,2023,LAL,DEN,Home,1,1,11,18,8,8,0,0
2022-11-02,2022,2023,LAL,NOP,Home,1,1,3,13,7,9,0,1
2022-11-04,2022,2023,LAL,UTA,Home,1,0,-14,26,3,6,2,0
2022-11-06,2022,2023,LAL,CLE,Home,1,0,-14,19,3,10,2,1
2022-11-07,2022,2023,LAL,UTA,Away,1,0,-23,22,3,5,1,1
2022-11-09,2022,2023,LAL,LAC,Away,1,0,-13,14,4,9,2,0
2022-11-11,2022,2023,LAL,SAC,Home,1,0,-6,21,4,11,0,0
2022-11-13,2022,2023,LAL,BRK,Home,1,1,13,14,6,12,0,1
2022-11-18,2022,2023,LAL,DET,Home,1,1,7,10,5,12,0,0
2022-11-20,2022,2023,LAL,SAS,Home,1,1,31,10,4,10,1,0
2022-11-22,2022,2023,LAL,PHO,Away,1,0,-10,21,3,5,1,0
2022-11-25,2022,2023,LAL,SAS,Away,1,1,11,3,4,7,2,1
2022-11-26,2022,2023,LAL,SAS,Away,1,1,5,11,7,6,0,1
2022-11-28,2022,2023,LAL,IND,Home,1,0,-1,24,4,6,1,1
2022-11-30,2022,2023,LAL,POR,Home,1,1,19,10,5,4,1,0
2022-12-02,2022,2023,LAL,MIL,Away,1,1,4,15,7,11,0,0
2022-12-04,2022,2023,LAL,WAS,Away,1,1,11,6,7,15,0,0
2022-12-06,2022,2023,LAL,CLE,Away,1,0,-14,16,3,3,0,2
2022-12-07,2022,2023,LAL,TOR,Away,1,0,-13,16,9,4,1,0
2022-12-09,2022,2023,LAL,PHI,Away,1,0,-11,12,11,11,4,0
2022-12-11,2022,2023,LAL,DET,Away,1,1,7,11,4,9,1,0
2022-12-13,2022,2023,LAL,BOS,Home,1,0,-4,20,14,5,1,4
2022-12-16,2022,2023,LAL,DEN,Home,1,1,18,15,11,12,2,0
2022-12-18,2022,2023,LAL,WAS,Home,1,1,2,9,9,8,1,1
2022-12-19,2022,2023,LAL,PHO,Away,0,0,-26,0,0,0,0,0
2022-12-21,2022,2023,LAL,SAC,Away,0,0,-14,0,0,0,0,0
2022-12-23,2022,2023,LAL,CHO,Home,1,0,-4,17,5,7,1,0
2022-12-25,2022,2023,LAL,DAL,Away,1,0,-9,17,5,4,0,0
2022-12-27,2022,2023,LAL,ORL,Away,1,1,19,15,13,13,0,0
2022-12-28,2022,2023,LAL,MIA,Away,1,0,-14,15,4,8,0,1
2022-12-30,2022,2023,LAL,ATL,Away,1,1,9,14,8,11,1,1
2023-01-02,2022,2023,LAL,CHO,Away,1,1,6,2,4,2,0,0
2023-01-04,2022,2023,LAL,MIA,Home,1,1,3,21,8,9,3,0
2023-01-06,2022,2023,LAL,ATL,Home,1,1,16,18,11,9,2,1
2023-01-07,2022,2023,LAL,SAC,Away,1,1,2,23,5,15,0,1
2023-01-09,2022,2023,LAL,DEN,Away,1,0,-13,25,7,7,1,0
2023-01-12,2022,2023,LAL,DAL,Home,1,0,-4,28,7,5,2,0
2023-01-15,2022,2023,LAL,PHI,Home,1,0,-1,20,14,11,1,1
2023-01-16,2022,2023,LAL,HOU,Home,1,1,8,24,5,4,1,0
2023-01-18,2022,2023,LAL,SAC,Home,1,0,-5,19,7,5,1,0
2023-01-20,2022,2023,LAL,MEM,Home,1,1,1,29,5,6,0,1
2023-01-22,2022,2023,LAL,POR,Away,1,1,9,6,8,5,0,0
2023-01-24,2022,2023,LAL,LAC,Home,1,0,-18,17,1,5,2,0
2023-01-25,2022,2023,LAL,SAS,Home,1,1,9,14,2,4,1,0
2023-01-28,2022,2023,LAL,BOS,Away,1,0,-4,12,4,7,1,0
2023-01-30,2022,2023,LAL,BRK,Away,1,0,-17,17,8,10,1,1
2023-01-31,2022,2023,LAL,NYK,Away,1,1,6,17,6,8,3,0
2023-02-02,2022,2023,LAL,IND,Away,1,1,1,10,3,10,0,0
2023-02-04,2022,2023,LAL,NOP,Away,1,0,-5,15,4,4,0,0
2023-02-07,2022,2023,LAL,OKC,Home,1,0,-3,27,4,8,2,1
2023-02-10,2022,2023,UTA,TOR,Away,0,1,6,0,0,0,0,0
2023-02-11,2022,2023,UTA,NYK,Away,0,0,-6,0,0,0,0,0
2023-02-13,2022,2023,UTA,IND,Away,0,1,6,0,0,0,0,0
2023-02-15,2022,2023,UTA,MEM,Away,0,0,-6,0,0,0,0,0
2023-02-24,2022,2023,LAC,SAC,Home,1,0,-1,17,5,14,1,0
2023-02-26,2022,2023,LAC,DEN,Away,1,0,-10,17,5,4,5,0
2023-02-28,2022,2023,LAC,MIN,Home,1,0,-7,14,7,10,1,0
2023-03-02,2022,2023,LAC,GSW,Away,1,0,-24,8,0,6,0,0
2023-03-03,2022,2023,LAC,SAC,Away,1,0,-1,27,2,10,1,2
2023-03-05,2022,2023,LAC,MEM,Home,1,1,6,9,5,6,1,0
2023-03-08,2022,2023,LAC,TOR,Home,1,1,8,7,2,7,1,1
2023-03-11,2022,2023,LAC,NYK,Home,1,1,11,7,5,3,1,0
2023-03-15,2022,2023,LAC,GSW,Home,1,1,8,15,9,7,2,0
2023-03-18,2022,2023,LAC,ORL,Home,1,0,-5,14,5,9,1,0
2023-03-19,2022,2023,LAC,POR,Away,1,1,15,9,12,10,0,0
2023-03-21,2022,2023,LAC,OKC,Home,1,0,-1,15,8,2,2,1
2023-03-23,2022,2023,LAC,OKC,Home,1,1,22,24,2,7,0,1
2023-03-25,2022,2023,LAC,NOP,Home,1,0,-21,14,3,5,0,0
2023-03-27,2022,2023,LAC,CHI,Home,1,1,12,12,5,10,3,0
2023-03-29,2022,2023,LAC,MEM,Away,1,1,9,36,4,10,0,2
2023-03-31,2022,2023,LAC,MEM,Away,1,0,-14,4,4,11,1,1
2023-04-01,2022,2023,LAC,NOP,Away,1,0,-8,24,3,10,1,1
2023-04-05,2022,2023,LAC,LAL,Home,1,1,7,14,3,4,1,1
2023-04-08,2022,2023,LAC,POR,Home,1,1,11,20,6,6,0,0
2023-04-09,2022,2023,LAC,PHO,Away,1,1,5,25,7,9,1,0
2023-10-25,2023,2024,LAC,POR,Home,1,1,12,11,5,13,0,0
2023-10-27,2023,2024,LAC,UTA,Away,1,0,-2,4,9,4,1,1
2023-10-29,2023,2024,LAC,SAS,Home,1,1,40,19,8,3,1,1
2023-10-31,2023,2024,LAC,ORL,Home,1,1,16,18,6,7,5,1
2023-11-01,2023,2024,LAC,LAL,Away,1,0,-5,24,11,8,4,0
2023-11-06,2023,2024,LAC,NYK,Away,1,0,-14,17,4,4,0,0
2023-11-08,2023,2024,LAC,BRK,Away,1,0,-7,13,7,8,0,0
2023-11-10,2023,2024,LAC,DAL,Away,1,0,-18,14,5,2,3,0
2023-11-12,2023,2024,LAC,MEM,Home,1,0,-4,12,9,5,3,0
2023-11-14,2023,2024,LAC,DEN,Away,1,0,-3,8,6,3,2,0
2023-11-17,2023,2024,LAC,HOU,Home,1,1,6,8,3,2,0,0
2023-11-20,2023,2024,LAC,SAS,Away,1,1,25,10,2,6,3,0
2023-11-22,2023,2024,LAC,SAS,Away,1,1,7,8,6,7,2,0
2023-11-24,2023,2024,LAC,NOP,Home,1,0,-10,3,4,2,0,1
2023-11-25,2023,2024,LAC,DAL,Home,1,1,19,14,8,7,0,0
2023-11-27,2023,2024,LAC,DEN,Home,1,0,-9,14,11,3,0,1
2023-11-29,2023,2024,LAC,SAC,Away,1,1,14,9,5,8,1,0
2023-11-30,2023,2024,LAC,GSW,Away,1,0,-6,14,11,6,0,0
2023-12-02,2023,2024,LAC,GSW,Home,1,1,1,8,6,2,0,1
2023-12-06,2023,2024,LAC,DEN,Home,1,1,9,9,8,1,0,2
2023-12-08,2023,2024,LAC,UTA,Away,1,1,14,5,5,2,1,2
2023-12-11,2023,2024,LAC,POR,Home,1,1,5,12,2,6,0,1
2023-12-12,2023,2024,LAC,SAC,Home,1,1,20,8,7,3,0,0
2023-12-14,2023,2024,LAC,GSW,Home,1,1,8,9,4,2,0,1
2023-12-16,2023,2024,LAC,NYK,Home,1,1,22,10,6,4,1,0
2023-12-18,2023,2024,LAC,IND,Away,1,1,24,10,4,5,1,1
2023-12-20,2023,2024,LAC,DAL,Away,1,1,9,10,6,3,2,0
2023-12-21,2023,2024,LAC,OKC,Away,1,0,-19,15,13,4,0,0
2023-12-23,2023,2024,LAC,BOS,Home,1,0,-37,12,5,5,0,1
2023-12-26,2023,2024,LAC,CHO,Home,1,1,9,14,11,6,2,1
2023-12-29,2023,2024,LAC,MEM,Home,1,1,11,14,6,6,0,0
2024-01-01,2023,2024,LAC,MIA,Home,1,1,17,8,4,3,2,0
2024-01-03,2023,2024,LAC,PHO,Away,1,1,9,6,5,2,2,0
2024-01-05,2023,2024,LAC,NOP,Away,1,1,16,8,5,5,2,2
2024-01-07,2023,2024,LAC,LAL,Away,1,0,-3,7,1,3,1,0
2024-01-08,2023,2024,LAC,PHO,Home,1,1,27,9,2,7,2,0
2024-01-10,2023,2024,LAC,TOR,Home,1,1,6,6,0,3,0,0
2024-01-12,2023,2024,LAC,MEM,Away,1,1,9,12,2,2,0,0
2024-01-14,2023,2024,LAC,MIN,Away,1,0,-4,12,8,13,2,0
2024-01-16,2023,2024,LAC,OKC,Home,1,1,11,11,2,4,1,0
2024-01-21,2023,2024,LAC,BRK,Home,1,1,11,23,9,6,1,1
2024-01-23,2023,2024,LAC,LAL,Home,1,1,11,16,6,3,2,0
2024-01-26,2023,2024,LAC,TOR,Away,1,1,20,20,5,3,2,2
2024-01-27,2023,2024,LAC,BOS,Away,1,1,19,4,4,5,0,0
2024-01-29,2023,2024,LAC,CLE,Away,1,0,-10,13,4,3,0,0
2024-01-31,2023,2024,LAC,WAS,Away,1,1,16,9,3,7,0,0
2024-02-02,2023,2024,LAC,DET,Away,1,1,11,23,3,9,2,0
2024-02-04,2023,2024,LAC,MIA,Away,1,1,8,5,1,2,1,0
2024-02-05,2023,2024,LAC,ATL,Away,1,1,5,13,5,3,2,1
2024-02-07,2023,2024,LAC,NOP,Home,1,0,-11,4,3,4,1,0
2024-02-10,2023,2024,LAC,DET,Home,1,1,6,13,3,2,1,0
2024-02-12,2023,2024,LAC,MIN,Home,1,0,-21,11,2,3,2,0
2024-02-14,2023,2024,LAC,GSW,Away,1,1,5,15,5,6,1,0
2024-02-22,2023,2024,LAC,OKC,Away,1,0,-22,2,1,5,1,0
2024-02-23,2023,2024,LAC,MEM,Away,1,1,6,13,2,0,1,0
2024-02-25,2023,2024,LAC,SAC,Home,1,0,-16,8,4,2,1,0
2024-02-28,2023,2024,LAC,LAL,Home,1,0,-4,8,2,3,3,0
2024-03-01,2023,2024,LAC,WAS,Home,1,1,25,6,0,1,0,0
2024-03-03,2023,2024,LAC,MIN,Away,0,1,1,0,0,0,0,0
2024-03-04,2023,2024,LAC,MIL,Away,0,0,-7,0,0,0,0,0
2024-03-06,2023,2024,LAC,HOU,Away,0,1,6,0,0,0,0,0
2024-03-09,2023,2024,LAC,CHI,Home,0,1,10,0,0,0,0,0
2024-03-10,2023,2024,LAC,MIL,Home,0,0,-7,0,0,0,0,0
2024-03-12,2023,2024,LAC,MIN,Home,0,0,-18,0,0,0,0,0
2024-03-14,2023,2024,LAC,CHI,Away,0,1,15,0,0,0,0,0
2024-03-15,2023,2024,LAC,NOP,Away,0,0,-8,0,0,0,0,0
2024-03-17,2023,2024,LAC,ATL,Home,0,0,-17,0,0,0,0,0
2024-03-20,2023,2024,LAC,POR,Away,0,1,13,0,0,0,0,0
2024-03-22,2023,2024,LAC,POR,Away,0,1,8,0,0,0,0,0
2024-03-24,2023,2024,LAC,PHI,Home,0,0,-14,0,0,0,0,0
2024-03-25,2023,2024,LAC,IND,Home,1,0,-17,14,4,7,0,0
2024-03-27,2023,2024,LAC,PHI,Away,1,1,1,6,2,2,0,0
2024-03-29,2023,2024,LAC,ORL,Away,1,1,3,5,3,5,1,0
2024-03-31,2023,2024,LAC,CHO,Away,1,1,12,11,5,4,2,0
2024-04-02,2023,2024,LAC,SAC,Away,1,0,-14,20,2,2,0,0
2024-04-04,2023,2024,LAC,DEN,Home,1,1,2,12,6,5,1,1
2024-04-05,2023,2024,LAC,UTA,Home,1,1,29,17,5,4,2,0
2024-04-07,2023,2024,LAC,CLE,Home,1,1,2,8,7,6,1,1
2024-04-09,2023,2024,LAC,PHO,Away,1,1,13,16,15,15,2,0
2024-04-10,2023,2024,LAC,PHO,Home,0,0,-16,0,0,0,0,0
2024-04-12,2023,2024,LAC,UTA,Home,1,0,-1,4,0,0,0,0
2024-04-14,2023,2024,LAC,HOU,Home,0,0,-11,0,0,0,0,0
2024-10-24,2024,2025,DEN,OKC,Home,1,0,-15,6,5,5,1,2
2024-10-26,2024,2025,DEN,LAC,Home,1,0,-5,2,1,2,2,1
2024-10-28,2024,2025,DEN,TOR,Away,1,1,2,9,4,3,1,0
2024-10-29,2024,2025,DEN,BRK,Away,1,1,5,22,1,5,1,0
2024-11-01,2024,2025,DEN,MIN,Away,1,0,-3,5,6,5,2,1
2024-11-02,2024,2025,DEN,UTA,Home,1,1,26,5,3,7,5,0
2024-11-04,2024,2025,DEN,TOR,Home,1,1,2,21,6,6,1,1
2024-11-06,2024,2025,DEN,OKC,Home,1,1,2,29,6,6,1,0
2024-11-08,2024,2025,DEN,MIA,Home,1,1,13,6,4,10,0,1
2024-11-10,2024,2025,DEN,DAL,Home,1,1,2,6,5,5,1,0
2024-11-15,2024,2025,DEN,NOP,Away,1,0,-7,5,4,7,0,0
2024-11-17,2024,2025,DEN,MEM,Away,1,0,-15,12,3,3,1,1
2024-11-19,2024,2025,DEN,MEM,Away,1,1,12,12,10,14,2,1
2024-11-22,2024,2025,DEN,DAL,Home,1,0,-3,16,1,4,2,0
2024-11-23,2024,2025,DEN,LAL,Away,1,1,25,14,7,11,1,0
2024-11-25,2024,2025,DEN,NYK,Home,1,0,-27,27,3,3,2,1
2024-11-27,2024,2025,DEN,UTA,Away,1,1,19,10,1,5,2,1
2024-12-01,2024,2025,DEN,LAC,Away,1,0,-4,9,3,8,2,1
2024-12-03,2024,2025,DEN,GSW,Home,1,1,4,7,1,5,0,0
2024-12-05,2024,2025,DEN,CLE,Away,1,0,-12,10,3,3,1,1
2024-12-07,2024,2025,DEN,WAS,Away,1,0,-9,7,10,12,4,1
2024-12-08,2024,2025,DEN,ATL,Away,1,1,30,9,1,11,2,1
2024-12-13,2024,2025,DEN,LAC,Home,1,1,22,5,1,5,3,0
2024-12-16,2024,2025,DEN,SAC,Away,1,1,1,18,9,10,3,0
2024-12-19,2024,2025,DEN,POR,Away,1,0,-2,19,4,7,1,2
2024-12-22,2024,2025,DEN,NOP,Away,1,1,3,21,5,5,3,1
2024-12-23,2024,2025,DEN,PHO,Home,1,1,27,11,5,7,2,0
2024-12-25,2024,2025,DEN,PHO,Away,1,0,-10,17,6,2,1,0
2024-12-27,2024,2025,DEN,CLE,Home,1,0,-14,11,4,7,1,0
2024-12-28,2024,2025,DEN,DET,Home,1,1,13,8,9,8,2,0
2024-12-30,2024,2025,DEN,UTA,Away,1,1,11,16,10,10,4,0
2025-01-01,2024,2025,DEN,ATL,Home,1,1,19,16,2,11,0,0
2025-01-03,2024,2025,DEN,SAS,Home,1,0,-3,9,6,8,2,0
2025-01-04,2024,2025,DEN,SAS,Away,1,1,11,9,10,6,3,1
2025-01-07,2024,2025,DEN,BOS,Home,1,0,-12,26,9,6,1,1
2025-01-08,2024,2025,DEN,LAC,Home,1,1,23,19,6,8,0,0
2025-01-10,2024,2025,DEN,BRK,Home,1,1,19,25,11,10,1,1
2025-01-12,2024,2025,DEN,DAL,Away,1,1,11,21,10,7,1,2
2025-01-14,2024,2025,DEN,DAL,Away,1,1,19,9,6,3,2,1
2025-01-15,2024,2025,DEN,HOU,Home,1,0,-20,17,4,2,1,0
2025-01-17,2024,2025,DEN,MIA,Away,1,1,20,11,0,7,0,0
2025-01-19,2024,2025,DEN,ORL,Away,1,1,13,12,5,6,0,0
2025-01-21,2024,2025,DEN,PHI,Home,1,1,35,11,7,9,1,0
2025-01-23,2024,2025,DEN,SAC,Home,1,1,9,18,5,3,1,0
2025-01-25,2024,2025,DEN,MIN,Away,1,0,-29,13,6,4,2,0
2025-01-27,2024,2025,DEN,CHI,Away,1,0,-8,14,3,5,1,0
2025-01-29,2024,2025,DEN,NYK,Away,1,0,-10,14,14,4,0,1
2025-01-31,2024,2025,DEN,PHI,Away,1,1,3,4,0,7,2,0
2025-02-01,2024,2025,DEN,CHO,Away,0,1,3,0,0,0,0,0
2025-02-03,2024,2025,DEN,NOP,Home,0,1,12,0,0,0,0,0
2025-02-05,2024,2025,DEN,NOP,Home,0,1,25,0,0,0,0,0
2025-02-06,2024,2025,DEN,ORL,Home,0,1,22,0,0,0,0,0
2025-02-08,2024,2025,DEN,PHO,Away,0,1,17,0,0,0,0,0
2025-02-10,2024,2025,DEN,POR,Home,0,1,29,0,0,0,0,0
2025-02-12,2024,2025,DEN,POR,Home,0,1,11,0,0,0,0,0
2025-02-20,2024,2025,DEN,CHO,Home,1,1,14,8,3,7,0,0
2025-02-22,2024,2025,DEN,LAL,Home,1,0,-23,17,4,1,0,0
2025-02-24,2024,2025,DEN,IND,Away,1,1,9,7,3,5,0,0
2025-02-27,2024,2025,DEN,MIL,Away,1,0,-9,10,6,5,1,0
2025-02-28,2024,2025,DEN,DET,Away,1,1,15,8,4,2,1,1
2025-03-02,2024,2025,DEN,BOS,Away,1,0,-7,12,3,6,2,1
2025-03-05,2024,2025,DEN,SAC,Home,1,1,6,25,5,3,2,2
2025-03-07,2024,2025,DEN,PHO,Home,1,1,8,14,3,4,1,0
2025-03-09,2024,2025,DEN,OKC,Away,1,0,-24,4,11,5,0,1
2025-03-10,2024,2025,DEN,OKC,Away,1,1,13,16,5,7,0,1
2025-03-12,2024,2025,DEN,MIN,Home,1,0,-20,19,4,1,3,0
2025-03-14,2024,2025,DEN,LAL,Home,1,1,5,17,6,7,1,0
2025-03-15,2024,2025,DEN,WAS,Home,1,0,-3,22,4,11,1,0
2025-03-17,2024,2025,DEN,GSW,Away,1,1,9,12,12,16,3,2
2025-03-19,2024,2025,DEN,LAL,Away,1,0,-12,12,4,9,2,0
2025-03-21,2024,2025,DEN,POR,Away,1,0,-19,18,4,4,3,0
2025-03-23,2024,2025,DEN,HOU,Away,1,1,5,14,2,1,1,2
2025-03-24,2024,2025,DEN,CHI,Home,1,0,-10,14,5,10,1,0
2025-03-26,2024,2025,DEN,MIL,Home,1,1,10,6,2,6,1,0
2025-03-28,2024,2025,DEN,UTA,Home,1,1,36,17,2,7,3,0
2025-04-01,2024,2025,DEN,MIN,Home,1,0,-1,12,6,7,1,2
2025-04-02,2024,2025,DEN,SAS,Home,1,0,-7,30,11,6,3,0
2025-04-04,2024,2025,DEN,GSW,Away,1,0,-14,5,4,2,1,1
2025-04-06,2024,2025,DEN,IND,Home,1,0,-5,16,5,4,0,0
2025-04-09,2024,2025,DEN,SAC,Away,1,1,8,5,4,4,1,0
2025-04-11,2024,2025,DEN,MEM,Home,1,1,8,14,3,4,2,0
2025-04-13,2024,2025,DEN,HOU,Away,1,1,15,17,0,6,0,0
2025-10-22,2025,2026,SAC,PHO,Away,1,0,-4,6,6,1,0,1
2025-10-24,2025,2026,SAC,UTA,Home,1,1,1,7,1,4,1,0
2025-10-26,2025,2026,SAC,LAL,Home,1,0,-7,18,6,6,1,0
2025-10-28,2025,2026,SAC,OKC,Away,1,0,-6,16,9,4,1,0
2025-10-29,2025,2026,SAC,CHI,Away,1,0,-13,12,2,4,3,0
2025-11-01,2025,2026,SAC,MIL,Away,1,1,2,12,5,10,2,0
2025-11-03,2025,2026,SAC,DEN,Away,1,0,-6,26,12,6,2,0
2025-11-05,2025,2026,SAC,GSW,Home,1,1,5,23,16,10,1,0
2025-11-07,2025,2026,SAC,OKC,Home,1,0,-31,24,7,9,0,0
2025-11-09,2025,2026,SAC,MIN,Home,1,0,-27,6,0,1,1,1
2025-11-11,2025,2026,SAC,DEN,Home,1,0,-14,14,8,11,0,0
2025-11-12,2025,2026,SAC,ATL,Home,1,0,-33,10,2,3,0,0
2025-11-14,2025,2026,SAC,MIN,Away,1,0,-14,13,10,14,0,0
2025-11-16,2025,2026,SAC,SAS,Away,1,0,-13,14,9,7,2,0
2025-11-19,2025,2026,SAC,OKC,Away,1,0,-14,7,11,6,3,0
2025-11-20,2025,2026,SAC,MEM,Away,1,0,-41,11,7,4,0,0
2025-11-22,2025,2026,SAC,DEN,Away,1,1,5,21,6,11,1,1
2025-11-24,2025,2026,SAC,MIN,Home,1,1,5,7,7,7,2,0
2025-11-26,2025,2026,SAC,PHO,Home,1,0,-12,19,8,3,0,0
2025-11-28,2025,2026,SAC,UTA,Away,1,0,-9,16,12,14,4,0
2025-11-30,2025,2026,SAC,MEM,Home,1,0,-8,3,6,7,2,0
2025-12-03,2025,2026,SAC,HOU,Away,1,0,-26,12,4,9,1,0
2025-12-06,2025,2026,SAC,MIA,Away,1,1,16,12,1,10,4,0
2025-12-08,2025,2026,SAC,IND,Away,1,0,-11,24,12,14,2,1
2025-12-11,2025,2026,SAC,DEN,Home,1,0,-31,17,3,5,0,0
2025-12-14,2025,2026,SAC,MIN,Away,1,0,-14,8,7,10,3,0
2025-12-18,2025,2026,SAC,POR,Away,1,0,-1,20,3,10,0,0
2025-12-20,2025,2026,SAC,POR,Home,1,0,-5,7,8,7,4,0
2025-12-21,2025,2026,SAC,HOU,Home,1,1,1,21,13,4,2,0
2025-12-23,2025,2026,SAC,DET,Home,1,0,-9,27,6,4,2,0
2025-12-27,2025,2026,SAC,DAL,Home,1,1,6,21,5,9,1,0
2025-12-28,2025,2026,SAC,LAL,Away,1,0,-24,13,5,4,2,0
2025-12-30,2025,2026,SAC,LAC,Away,1,0,-41,12,3,4,0,0
2026-01-01,2025,2026,SAC,BOS,Home,1,0,-14,10,3,6,0,0
2026-01-02,2025,2026,SAC,PHO,Away,1,0,-27,17,9,6,1,0
2026-01-04,2025,2026,SAC,MIL,Home,1,0,-17,21,6,3,4,3
2026-01-06,2025,2026,SAC,DAL,Home,1,0,-2,11,6,4,1,0
2026-01-09,2025,2026,SAC,GSW,Away,1,0,-34,13,4,7,0,0
2026-01-11,2025,2026,SAC,HOU,Home,1,1,13,15,6,10,1,0
2026-01-12,2025,2026,SAC,LAL,Home,1,1,12,22,5,7,1,0
2026-01-14,2025,2026,SAC,NYK,Home,1,1,11,19,6,11,0,0
2026-01-16,2025,2026,SAC,WAS,Home,1,1,13,26,2,6,1,0
2026-01-18,2025,2026,SAC,POR,Home,1,0,-7,23,3,7,3,0
2026-01-20,2025,2026,SAC,MIA,Home,1,0,-13,22,2,7,2,1
2026-01-21,2025,2026,SAC,TOR,Home,1,0,-13,23,3,3,3,0
2026-01-23,2025,2026,SAC,CLE,Away,1,0,-5,11,5,3,0,0
2026-01-25,2025,2026,SAC,DET,Away,1,0,-23,13,2,4,2,0
2026-01-27,2025,2026,SAC,NYK,Away,1,0,-16,14,4,5,1,0
2026-01-29,2025,2026,SAC,PHI,Away,0,0,-2,0,0,0,0,0
2026-01-30,2025,2026,SAC,BOS,Away,0,0,-19,0,0,0,0,0
2026-02-01,2025,2026,SAC,WAS,Away,0,0,-4,0,0,0,0,0
2026-02-04,2025,2026,SAC,MEM,Home,1,0,-4,13,0,5,1,0
2026-02-06,2025,2026,SAC,LAC,Home,1,0,-3,6,3,5,0,0
2026-02-07,2025,2026,SAC,CLE,Home,1,0,-6,21,5,9,0,0
2026-02-09,2025,2026,SAC,NOP,Away,1,0,-26,17,2,2,0,0
2026-02-11,2025,2026,SAC,UTA,Away,0,0,-28,0,0,0,0,0
2026-02-19,2025,2026,SAC,ORL,Home,1,0,-37,5,0,1,1,0
2026-02-21,2025,2026,SAC,SAS,Away,1,0,-17,7,3,2,1,1
2026-02-23,2025,2026,SAC,MEM,Away,1,1,9,25,2,7,1,0
2026-02-25,2025,2026,SAC,HOU,Away,1,0,-31,22,5,3,0,0
2026-02-26,2025,2026,SAC,DAL,Away,0,1,9,0,0,0,0,0
2026-03-01,2025,2026,SAC,LAL,Away,1,0,-24,14,4,5,0,0
2026-03-03,2025,2026,SAC,PHO,Home,1,0,-11,16,2,7,4,1
2026-03-05,2025,2026,SAC,NOP,Home,1,0,-10,19,2,10,2,0
2026-03-08,2025,2026,SAC,CHI,Home,1,1,16,23,11,12,1,0
2026-03-10,2025,2026,SAC,IND,Home,1,1,5,16,7,9,0,0
2026-03-11,2025,2026,SAC,CHO,Home,0,0,-8,0,0,0,0,0
2026-03-14,2025,2026,SAC,LAC,Away,1,1,9,12,12,10,4,0
2026-03-15,2025,2026,SAC,UTA,Home,0,1,5,0,0,0,0,0
2026-03-17,2025,2026,SAC,SAS,Home,1,0,-28,5,1,10,0,0
2026-03-19,2025,2026,SAC,PHI,Home,1,0,-21,11,3,8,1,2
2026-03-22,2025,2026,SAC,BRK,Home,0,1,4,0,0,0,0,0
2026-03-24,2025,2026,SAC,CHO,Away,0,0,-44,0,0,0,0,0
2026-03-26,2025,2026,SAC,ORL,Away,0,0,-4,0,0,0,0,0
2026-03-28,2025,2026,SAC,ATL,Away,0,0,-10,0,0,0,0,0
2026-03-29,2025,2026,SAC,BRK,Away,0,0,-17,0,0,0,0,0
2026-04-01,2025,2026,SAC,TOR,Away,0,1,8,0,0,0,0,0
2026-04-03,2025,2026,SAC,NOP,Home,0,1,4,0,0,0,0,0
2026-04-05,2025,2026,SAC,LAC,Home,0,0,-29,0,0,0,0,0
2026-04-07,2025,2026,SAC,GSW,Away,0,0,-5,0,0,0,0,0
2026-04-10,2025,2026,SAC,GSW,Home,0,1,6,0,0,0,0,0
2026-04-12,2025,2026,SAC,POR,Away,0,0,-12,0,0,0,0,0
