club,wc_minutes,wc_goals,wc_assists,player_count,ga_per90
Manchester City,5558,7,2,18,0.146
Arsenal,4733,13,15,14,0.532
Liverpool,3731,7,13,10,0.482
Aston Villa,3506,4,1,9,0.128
Crystal Palace,2748,8,2,12,0.328
Fulham,2696,4,1,7,0.167
Manchester Utd,2646,7,2,9,0.306
Tottenham,2599,3,1,8,0.139
Chelsea,2595,2,3,8,0.173
Sunderland,2128,8,1,8,0.381
Brighton,2042,3,0,7,0.132
Nottingham,1846,2,4,5,0.293
Everton,1320,1,2,4,0.205
West Ham,1155,2,2,5,0.312
Newcastle,1103,5,4,6,0.734
Wolves,1068,1,1,4,0.169
Bournemouth,1046,0,1,6,0.086
Norwich City,1027,0,0,5,0.0
Leicester City,822,0,0,3,0.0
Burnley,758,0,2,4,0.237
Brentford,622,0,0,4,0.0
Leeds United,619,0,0,4,0.0
Watford,511,1,0,3,0.176
Swansea City,446,0,0,3,0.0
Sheffield United,344,0,0,2,0.0
Derby County,205,0,0,2,0.0
Birmingham City,204,0,0,1,0.0
Ipswich Town,180,0,0,1,0.0
Hull City,168,0,0,2,0.0
Portsmouth,96,0,0,1,0.0
Coventry City,55,0,0,2,0.0
Middlesbrough,45,0,0,1,0.0
Charlton Athletic,36,0,0,1,0.0
Southampton,2,0,0,1,0.0
