league,total_minutes,total_goals,total_assists,player_count,ga_per90,goals_per90
EPL,48660,78,57,180,0.25,0.144
Other,40372,36,19,306,0.123,0.08
Bundesliga,20329,26,30,97,0.248,0.115
LaLiga,20214,47,33,69,0.356,0.209
Ligue1,16406,26,20,71,0.252,0.143
SerieA,14452,20,12,56,0.199,0.125
MLS,8052,12,7,34,0.212,0.134
SaudiPro,6137,10,5,32,0.22,0.147
Eredivisie,5302,8,4,25,0.204,0.136
SuperLig,5064,6,3,29,0.16,0.107
PrimeiraLiga,3872,5,5,18,0.232,0.116
LigaMX,3799,1,6,17,0.166,0.024
Brasileirao,3610,4,3,23,0.175,0.1
EgyptPL,3501,7,5,13,0.308,0.18
SouthAfricaPSL,2666,1,1,14,0.068,0.034
ArgPrimera,2035,0,3,10,0.133,0.0
ScottishPrem,1926,3,2,12,0.234,0.14
BelgianPro,1762,3,7,11,0.511,0.153
CzechLiga,1707,1,1,15,0.105,0.053
ALeague,862,0,1,4,0.104,0.0
Bundesliga_AT,682,1,0,3,0.132,0.132
