player,nation,nation_code,position,club_raw,club,league,age,matches,starts,minutes,goals,assists,ga
Adil Boulbina,Algeria,Algeria,FW,1. Al Duhail SC,Al Duhail SC,Other,23,2,0,19,0,0,0
Amine Gouiri,Algeria,Algeria,FW,1. Marseille,Marseille,Ligue1,26,4,3,251,1,0,1
Anis Hadj Moussa,Algeria,Algeria,MF,1. Feyenoord,Feyenoord,Eredivisie,24,3,1,98,0,0,0
Aïssa Mandi,Algeria,Algeria,DF,1. Lille,Lille,Ligue1,34,4,4,360,0,0,0
Fares Chaïbi,Algeria,Algeria,MF,1. Frankfurt,Frankfurt,Bundesliga,23,4,4,360,0,0,0
Farés Ghedjemis,Algeria,Algeria,"FW,MF",2. Frosinone,Frosinone,Other,23,1,0,1,0,0,0
Hicham Boudaoui,Algeria,Algeria,MF,1. Nice,Nice,Ligue1,26,3,2,128,0,0,0
Houssem Aouar,Algeria,Algeria,MF,1. Al-Ittihad,Al-Ittihad,SaudiPro,27,3,2,173,0,2,2
Ibrahim Maza,Algeria,Algeria,"MF,FW",1. Leverkusen,Leverkusen,Bundesliga,20,4,4,351,0,0,0
Jaouen Hadjam,Algeria,Algeria,DF,1. Young Boys,Young Boys,Other,23,3,1,109,0,0,0
Luca Zidane,Algeria,Algeria,GK,2. Granada,Granada,LaLiga,28,3,3,270,0,0,0
Mohamed Amoura,Algeria,Algeria,"FW,MF",1. Wolfsburg,Wolfsburg,Bundesliga,26,1,0,27,0,0,0
Nabil Bentaleb,Algeria,Algeria,MF,1. Lille,Lille,Ligue1,31,4,3,285,0,0,0
Nadhir Benbouali,Algeria,Algeria,FW,1. Győr,Győr,Other,26,1,0,45,1,0,1
Oussama Benbot,Algeria,Algeria,GK,1. USM Alger,USM Alger,Other,31,1,1,90,0,0,0
Rafik Belghali,Algeria,Algeria,DF,1. Hellas Verona,Hellas Verona,SerieA,24,4,4,331,1,0,1
Ramiz Zerrouki,Algeria,Algeria,MF,1. Twente,Twente,Eredivisie,28,3,2,111,0,0,0
Ramy Bensebaini,Algeria,Algeria,DF,1. Dortmund,Dortmund,Bundesliga,31,4,4,360,0,0,0
Rayan Aït-Nouri,Algeria,Algeria,DF,1. Manchester City,Manchester City,EPL,25,4,3,284,0,0,0
Riyad Mahrez,Algeria,Algeria,MF,1. Al-Ahli,Al-Ahli,SaudiPro,35,4,3,262,2,1,3
Samir Chergui,Algeria,Algeria,DF,1. Paris FC,Paris FC,Other,27,1,0,20,0,0,0
Zineddine Belaïd,Algeria,Algeria,DF,1. JS Kabylie,JS Kabylie,Other,27,2,0,25,0,0,0
Alexis Mac Allister,Argentina,Argentina,MF,1. Liverpool,Liverpool,EPL,27,8,7,750,1,1,2
Cristian Romero,Argentina,Argentina,DF,1. Tottenham,Tottenham,EPL,28,7,7,608,1,0,1
Emiliano Martínez,Argentina,Argentina,GK,1. Aston Villa,Aston Villa,EPL,33,8,8,810,0,0,0
Enzo Fernández,Argentina,Argentina,MF,1. Chelsea,Chelsea,EPL,25,7,7,659,2,0,2
Exequiel Palacios,Argentina,Argentina,DF,1. Leverkusen,Leverkusen,Bundesliga,27,1,1,90,0,0,0
Facundo Medina,Argentina,Argentina,DF,1. Marseille,Marseille,Ligue1,27,5,3,308,0,1,1
Flaco López,Argentina,Argentina,FW,1. Palmeiras,Palmeiras,Brasileirao,25,2,0,20,0,1,1
Giovani Lo Celso,Argentina,Argentina,MF,1. Real Betis,Real Betis,LaLiga,30,1,1,59,1,0,1
Giuliano Simeone,Argentina,Argentina,FW,1. Atlético Madrid,Atlético Madrid,LaLiga,23,3,2,192,0,0,0
Gonzalo Montiel,Argentina,Argentina,DF,1. River Plate,River Plate,ArgPrimera,29,6,2,192,0,1,1
Julián Álvarez,Argentina,Argentina,FW,1. Atlético Madrid,Atlético Madrid,LaLiga,26,8,5,602,1,0,1
Lautaro Martínez,Argentina,Argentina,FW,1. Inter,Inter,SerieA,28,7,4,310,3,1,4
Leandro Paredes,Argentina,Argentina,MF,1. Boca Juniors,Boca Juniors,ArgPrimera,31,7,4,473,0,0,0
Lionel Messi,Argentina,Argentina,FW,1. Inter Miami,Inter Miami,MLS,38,8,7,740,8,4,12
Lisandro Martínez,Argentina,Argentina,DF,1. Manchester Utd,Manchester Utd,EPL,28,7,7,624,1,1,2
Marcos Senesi,Argentina,Argentina,DF,1. Bournemouth,Bournemouth,EPL,29,2,1,109,0,0,0
Nahuel Molina,Argentina,Argentina,DF,1. Atlético Madrid,Atlético Madrid,LaLiga,28,7,5,528,0,0,0
Nicolás González,Argentina,Argentina,MF,1. Atlético Madrid,Atlético Madrid,LaLiga,28,7,1,259,0,1,1
Nicolás Otamendi,Argentina,Argentina,DF,1. Benfica,Benfica,PrimeiraLiga,38,7,1,247,0,0,0
Nicolás Paz,Argentina,Argentina,MF,1. Como,Como,Other,21,2,1,71,0,0,0
Nicolás Tagliafico,Argentina,Argentina,DF,1. Lyon,Lyon,Ligue1,33,7,5,476,0,0,0
Rodrigo De Paul,Argentina,Argentina,MF,1. Inter Miami,Inter Miami,MLS,32,7,6,491,0,1,1
Thiago Almada,Argentina,Argentina,MF,1. Atlético Madrid,Atlético Madrid,LaLiga,25,5,3,241,0,0,0
Valentín Barco,Argentina,Argentina,"DF,MF",1. Strasbourg,Strasbourg,Ligue1,21,1,0,20,0,0,0
Aiden O'Neill,Australia,Australia,MF,1. NYCFC,NYCFC,MLS,27,4,4,360,0,0,0
Ajdin Hrustic,Australia,Australia,MF,1. Heracles Almelo,Heracles Almelo,Other,29,2,0,80,0,0,0
Alessandro Circati,Australia,Australia,DF,1. Parma,Parma,SerieA,22,4,4,390,0,0,0
Awer Mabil,Australia,Australia,"FW,MF",2. Castellón,Castellón,Other,30,1,0,30,0,0,0
Aziz Behich,Australia,Australia,MF,1. Melb City,Melb City,ALeague,35,3,2,217,0,0,0
Cameron Burgess,Australia,Australia,DF,2. Swansea City,Swansea City,EPL,30,2,2,135,0,0,0
Connor Metcalfe,Australia,Australia,MF,1. St Pauli,St Pauli,Bundesliga,26,4,3,315,1,0,1
Cristian Volpato,Australia,Australia,MF,1. Sassuolo,Sassuolo,SerieA,22,3,2,160,0,0,0
Harry Souttar,Australia,Australia,DF,2. Leicester City,Leicester City,EPL,27,4,4,390,0,0,0
Jackson Irvine,Australia,Australia,MF,1. St Pauli,St Pauli,Bundesliga,33,4,2,223,0,0,0
Jacob Italiano,Australia,Australia,DF,1. Grazer AK,Grazer AK,Other,24,2,2,163,0,0,0
Jason Geria,Australia,Australia,DF,2. Albirex Niigata,Albirex Niigata,Other,33,2,0,62,0,0,0
Jordy Bos,Australia,Australia,"MF,DF",1. Feyenoord,Feyenoord,Eredivisie,23,4,4,308,0,0,0
Kai Trewin,Australia,Australia,"DF,MF",1. NYCFC,NYCFC,MLS,25,1,0,75,0,0,0
Lucas Herrington,Australia,Australia,DF,1. Colorado Rapids,Colorado Rapids,MLS,18,2,2,210,0,0,0
Mathew Leckie,Australia,Australia,MF,1. Melb City,Melb City,ALeague,35,1,1,60,0,0,0
Mathew Ryan,Australia,Australia,GK,1. Levante,Levante,LaLiga,34,1,0,2,0,0,0
Mo Touré,Australia,Australia,FW,2. Norwich City,Norwich City,EPL,22,3,2,165,0,0,0
Nestory Irankunda,Australia,Australia,"FW,MF",2. Watford,Watford,EPL,20,4,3,261,1,0,1
Nishan Velupillay,Australia,Australia,MF,1. Melb. Victory,Melb. Victory,Other,25,2,1,75,0,0,0
Patrick Beach,Australia,Australia,GK,1. Melb City,Melb City,ALeague,22,4,4,388,0,0,0
Paul Okon-Engstler,Australia,Australia,MF,1. Sydney FC,Sydney FC,ALeague,21,4,2,197,0,1,1
Tete Yengi,Australia,Australia,FW,1. Machida Zelvia,Machida Zelvia,Other,25,2,0,24,0,0,0
Alexander Prass,Austria,Austria,"DF,MF",1. Hoffenheim,Hoffenheim,Bundesliga,25,2,0,29,0,0,0
Alexander Schlager,Austria,Austria,GK,1. RB Salzburg,RB Salzburg,Bundesliga_AT,30,4,4,360,0,0,0
Carney Chukwuemeka,Austria,Austria,MF,1. Dortmund,Dortmund,Bundesliga,22,3,0,83,0,0,0
David Alaba,Austria,Austria,DF,1. Real Madrid,Real Madrid,LaLiga,33,4,4,275,0,1,1
Florian Grillitsch,Austria,Austria,"DF,MF",1. Braga,Braga,PrimeiraLiga,30,2,0,90,0,0,0
Kevin Danso,Austria,Austria,DF,1. Tottenham,Tottenham,EPL,27,4,2,241,0,0,0
Konrad Laimer,Austria,Austria,"MF,DF",1. Bayern Munich,Bayern Munich,Bundesliga,29,4,4,360,0,1,1
Marcel Sabitzer,Austria,Austria,MF,1. Dortmund,Dortmund,Bundesliga,32,4,4,360,1,0,1
Marco Friedl,Austria,Austria,DF,1. Werder Bremen,Werder Bremen,Bundesliga,28,1,0,24,0,0,0
Marko Arnautović,Austria,Austria,FW,1. Red Star,Red Star,Other,37,4,1,144,2,0,2
Michael Gregoritsch,Austria,Austria,FW,1. Augsburg,Augsburg,Bundesliga,32,3,2,188,0,1,1
Nicolas Seiwald,Austria,Austria,MF,1. RB Leipzig,RB Leipzig,Bundesliga,25,4,4,315,0,0,0
Patrick Wimmer,Austria,Austria,"FW,MF",1. Wolfsburg,Wolfsburg,Bundesliga,25,2,0,21,0,0,0
Paul Wanner,Austria,Austria,MF,1. PSV,PSV,Eredivisie,20,4,2,234,0,0,0
Philipp Lienhart,Austria,Austria,DF,1. Freiburg,Freiburg,Bundesliga,29,2,2,180,0,0,0
Phillipp Mwene,Austria,Austria,DF,1. Mainz 05,Mainz 05,Bundesliga,32,2,2,147,0,0,0
Romano Schmid,Austria,Austria,"MF,FW",1. Werder Bremen,Werder Bremen,Bundesliga,26,4,4,263,1,0,1
Saša Kalajdžić,Austria,Austria,FW,1. LASK,LASK,Other,28,3,1,77,1,0,1
Stefan Posch,Austria,Austria,DF,1. Mainz 05,Mainz 05,Bundesliga,29,4,4,331,0,0,0
Xaver Schlager,Austria,Austria,MF,1. RB Leipzig,RB Leipzig,Bundesliga,28,4,4,238,0,1,1
Alexis Saelemaekers,Belgium,Belgium,MF,1. Milan,Milan,SerieA,26,4,1,83,1,0,1
Amadou Onana,Belgium,Belgium,MF,1. Aston Villa,Aston Villa,EPL,24,4,2,106,0,0,0
Arthur Theate,Belgium,Belgium,DF,1. Frankfurt,Frankfurt,Bundesliga,26,3,2,228,0,0,0
Axel Witsel,Belgium,Belgium,"DF,MF",1. Girona,Girona,LaLiga,37,2,0,33,0,0,0
Brandon Mechele,Belgium,Belgium,DF,1. Club Brugge,Club Brugge,BelgianPro,33,6,6,570,0,0,0
Charles De Ketelaere,Belgium,Belgium,"FW,MF",1. Atalanta,Atalanta,SerieA,25,5,5,350,3,1,4
Diego Moreira,Belgium,Belgium,MF,1. Strasbourg,Strasbourg,Ligue1,21,1,0,58,0,0,0
Dodi Lukebakio,Belgium,Belgium,MF,1. Benfica,Benfica,PrimeiraLiga,28,3,1,164,0,0,0
Hans Vanaken,Belgium,Belgium,MF,1. Club Brugge,Club Brugge,BelgianPro,33,6,3,319,1,2,3
Jeremy Doku,Belgium,Belgium,MF,1. Manchester City,Manchester City,EPL,24,5,4,309,0,0,0
Joaquin Seys,Belgium,Belgium,DF,1. Club Brugge,Club Brugge,BelgianPro,21,1,0,30,0,0,0
Kevin De Bruyne,Belgium,Belgium,MF,1. Napoli,Napoli,SerieA,34,5,5,382,1,0,1
Leandro Trossard,Belgium,Belgium,"MF,FW",1. Arsenal,Arsenal,EPL,31,6,6,506,2,2,4
Matias Fernandez-Pardo,Belgium,Belgium,"FW,MF",1. Lille,Lille,Ligue1,21,3,0,44,0,0,0
Maxim De Cuyper,Belgium,Belgium,DF,1. Brighton,Brighton,EPL,25,6,5,442,0,0,0
Nathan Ngoy,Belgium,Belgium,DF,1. Lille,Lille,Ligue1,23,4,4,335,0,0,0
Nicolas Raskin,Belgium,Belgium,MF,1. Rangers,Rangers,ScottishPrem,25,6,3,341,0,2,2
Romelu Lukaku,Belgium,Belgium,FW,1. Napoli,Napoli,SerieA,33,6,1,233,3,1,4
Senne Lammens,Belgium,Belgium,GK,1. Manchester Utd,Manchester Utd,EPL,23,1,0,20,0,0,0
Thibaut Courtois,Belgium,Belgium,GK,1. Real Madrid,Real Madrid,LaLiga,34,6,6,550,0,0,0
Thomas Meunier,Belgium,Belgium,DF,1. Lille,Lille,Ligue1,34,3,2,190,0,1,1
Timothy Castagne,Belgium,Belgium,DF,1. Fulham,Fulham,EPL,30,6,5,478,0,1,1
Youri Tielemans,Belgium,Belgium,MF,1. Aston Villa,Aston Villa,EPL,29,5,5,474,2,0,2
Amar Dedić,Bosnia–Herz,Bosnia–Herz,DF,1. Benfica,Benfica,PrimeiraLiga,23,3,3,270,0,0,0
Amar Memić,Bosnia–Herz,Bosnia–Herz,MF,1. Viktoria Plzeň,Viktoria Plzeň,CzechLiga,25,4,2,224,0,0,0
Amir Hadžiahmetović,Bosnia–Herz,Bosnia–Herz,MF,2. Hull City,Hull City,EPL,29,1,0,6,0,0,0
Arjan Malic,Bosnia–Herz,Bosnia–Herz,DF,1. Sturm Graz,Sturm Graz,Bundesliga_AT,20,1,1,45,0,0,0
Armin Gigovic,Bosnia–Herz,Bosnia–Herz,MF,1. Young Boys,Young Boys,Other,24,2,1,79,0,0,0
Benjamin Tahirovic,Bosnia–Herz,Bosnia–Herz,MF,1. Brøndby,Brøndby,Other,23,4,2,237,0,0,0
Dennis Hadžikadunić,Bosnia–Herz,Bosnia–Herz,DF,2. Sampdoria,Sampdoria,SerieA,27,1,0,27,0,1,1
Dženis Burnić,Bosnia–Herz,Bosnia–Herz,MF,2. Karlsruher,Karlsruher,Other,28,2,0,16,0,0,0
Edin Džeko,Bosnia–Herz,Bosnia–Herz,FW,2. Schalke 04,Schalke 04,Bundesliga,40,3,3,176,0,0,0
Ermedin Demirović,Bosnia–Herz,Bosnia–Herz,FW,1. Stuttgart,Stuttgart,Bundesliga,28,4,4,354,0,0,0
Ermin Mahmić,Bosnia–Herz,Bosnia–Herz,MF,1. Slovan Liberec,Slovan Liberec,Other,21,3,0,68,2,0,2
Esmir Bajraktarevic,Bosnia–Herz,Bosnia–Herz,MF,1. PSV,PSV,Eredivisie,21,4,2,230,0,0,0
Haris Tabaković,Bosnia–Herz,Bosnia–Herz,FW,2. Schalke 04,Schalke 04,Bundesliga,31,1,0,16,0,0,0
Ivan Bašić,Bosnia–Herz,Bosnia–Herz,MF,1. FC Astana,FC Astana,Other,24,3,2,179,0,1,1
Ivan Šunjić,Bosnia–Herz,Bosnia–Herz,MF,1. Pafos FC,Pafos FC,Other,29,4,3,196,0,0,0
Jovo Lukić,Bosnia–Herz,Bosnia–Herz,FW,1. Univ. Cluj,Univ. Cluj,Other,27,2,1,67,1,0,1
Kerim Alajbegović,Bosnia–Herz,Bosnia–Herz,MF,1. RB Salzburg,RB Salzburg,Bundesliga_AT,18,4,3,277,1,0,1
Nikola Katić,Bosnia–Herz,Bosnia–Herz,DF,2. Schalke 04,Schalke 04,Bundesliga,29,4,4,317,0,0,0
Nikola Vasilj,Bosnia–Herz,Bosnia–Herz,GK,1. St Pauli,St Pauli,Bundesliga,30,4,4,360,0,0,0
Samed Baždar,Bosnia–Herz,Bosnia–Herz,FW,1. Gladbach,Gladbach,Bundesliga,22,1,0,29,0,0,0
Sead Kolašinac,Bosnia–Herz,Bosnia–Herz,DF,1. Atalanta,Atalanta,SerieA,32,4,4,337,0,1,1
Stjepan Radeljić,Bosnia–Herz,Bosnia–Herz,DF,1. Rijeka,Rijeka,Other,28,2,2,180,0,0,0
Tarik Muharemovic,Bosnia–Herz,Bosnia–Herz,DF,1. Sassuolo,Sassuolo,SerieA,23,3,3,259,0,0,0
Alex Sandro,Brazil,Brazil,"DF,MF",1. Flamengo,Flamengo,Brasileirao,35,1,0,9,0,0,0
Alisson,Brazil,Brazil,GK,1. Liverpool,Liverpool,EPL,33,5,5,450,0,0,0
Bruno Guimarães,Brazil,Brazil,MF,1. Newcastle,Newcastle,EPL,28,5,5,416,0,4,4
Casemiro,Brazil,Brazil,MF,1. Manchester Utd,Manchester Utd,EPL,34,5,5,379,1,0,1
Danilo,Brazil,Brazil,DF,1. Flamengo,Flamengo,Brasileirao,34,5,4,405,0,0,0
Danilo Santos,Brazil,Brazil,MF,1. Botafogo–RJ,Botafogo–RJ,Other,25,4,0,46,0,0,0
Douglas Santos,Brazil,Brazil,DF,1. Zenit,Zenit,Other,32,5,5,441,0,0,0
Endrick,Brazil,Brazil,FW,1. Lyon,Lyon,Ligue1,19,4,0,114,0,0,0
Fabinho,Brazil,Brazil,"DF,MF",1. Al-Ittihad,Al-Ittihad,SaudiPro,32,3,0,71,0,0,0
Gabriel Magalhães,Brazil,Brazil,DF,1. Arsenal,Arsenal,EPL,28,5,5,450,0,1,1
Gabriel Martinelli,Brazil,Brazil,MF,1. Arsenal,Arsenal,EPL,24,4,1,143,1,0,1
Igor Thiago,Brazil,Brazil,FW,1. Brentford,Brentford,EPL,24,1,1,61,0,0,0
Lucas Paquetá,Brazil,Brazil,MF,1. Flamengo,Flamengo,Brasileirao,28,4,4,233,0,1,1
Luiz Henrique,Brazil,Brazil,"FW,MF",1. Zenit,Zenit,Other,25,1,0,29,0,0,0
Marquinhos,Brazil,Brazil,DF,1. PSG,PSG,Ligue1,32,5,5,450,0,0,0
Matheus Cunha,Brazil,Brazil,FW,1. Manchester Utd,Manchester Utd,EPL,27,5,4,290,3,0,3
Neymar,Brazil,Brazil,"FW,MF",1. Santos,Santos,Brasileirao,34,2,0,39,1,0,1
Raphinha,Brazil,Brazil,"MF,FW",1. Barcelona,Barcelona,LaLiga,29,2,2,129,0,0,0
Rayan,Brazil,Brazil,"FW,MF",1. Bournemouth,Bournemouth,EPL,19,4,3,288,0,1,1
Roger Ibanez,Brazil,Brazil,DF,1. Al-Ahli,Al-Ahli,SaudiPro,27,1,1,45,0,0,0
Vinicius Júnior,Brazil,Brazil,FW,1. Real Madrid,Real Madrid,LaLiga,25,5,5,440,4,1,5
Éderson Silva,Brazil,Brazil,MF,1. Atalanta,Atalanta,SerieA,26,2,0,22,0,0,0
Dailon Livramento,Cabo Verde,Cabo Verde,FW,1. Casa Pia,Casa Pia,Other,25,3,2,174,0,0,0
Deroy Duarte,Cabo Verde,Cabo Verde,MF,1. Ludogorets,Ludogorets,Other,26,4,2,264,1,0,1
Diney,Cabo Verde,Cabo Verde,DF,1. Al Bataeh,Al Bataeh,Other,31,4,4,390,0,0,0
Garry Rodrigues,Cabo Verde,Cabo Verde,MF,1. Apollon Limassol,Apollon Limassol,Other,35,2,1,76,0,0,0
Gilson Benchimol,Cabo Verde,Cabo Verde,FW,1. Akron Tolyatti,Akron Tolyatti,Other,24,2,1,78,0,0,0
Hélio Varela,Cabo Verde,Cabo Verde,FW,1. Maccabi Tel Aviv,Maccabi Tel Aviv,Other,24,3,0,104,1,0,1
Jamiro Monteiro,Cabo Verde,Cabo Verde,MF,1. Zwolle,Zwolle,Eredivisie,32,4,3,281,0,0,0
Jovane Cabral,Cabo Verde,Cabo Verde,FW,1. Estrela,Estrela,Other,28,2,2,139,0,0,0
João Paulo Fernandes,Cabo Verde,Cabo Verde,DF,1. FCSB,FCSB,Other,28,2,1,105,0,0,0
Kevin Pina,Cabo Verde,Cabo Verde,MF,1. Krasnodar,Krasnodar,Other,29,4,4,349,1,0,1
Laros Duarte,Cabo Verde,Cabo Verde,MF,1. Puskás Akad.,Puskás Akad.,Other,29,4,2,166,0,0,0
Nuno da Costa,Cabo Verde,Cabo Verde,FW,1. Başakşehir,Başakşehir,SuperLig,35,4,1,159,0,0,0
Pico,Cabo Verde,Cabo Verde,DF,1. Shamrock,Shamrock,Other,33,4,4,390,0,0,0
Ryan Mendes,Cabo Verde,Cabo Verde,"FW,MF",2. 76 Iğdır Belediyespor,76 Iğdır Belediyespor,Other,36,4,4,330,0,1,1
Sidny Lopes Cabral,Cabo Verde,Cabo Verde,DF,1. Benfica,Benfica,PrimeiraLiga,23,3,3,285,1,0,1
Steven Moreira,Cabo Verde,Cabo Verde,DF,1. Columbus Crew,Columbus Crew,MLS,31,4,3,301,0,0,0
Telmo Arcanjo,Cabo Verde,Cabo Verde,MF,1. Vit. Guimarães,Vit. Guimarães,Other,24,2,1,57,0,0,0
Vozinha,Cabo Verde,Cabo Verde,GK,2. Chaves,Chaves,Other,40,4,4,390,0,0,0
Wagner Pina,Cabo Verde,Cabo Verde,DF,1. Trabzonspor,Trabzonspor,SuperLig,23,1,1,89,0,0,0
Willy Semedo,Cabo Verde,Cabo Verde,FW,1. AC Omonia,AC Omonia,Other,32,3,1,131,0,0,0
Yannick,Cabo Verde,Cabo Verde,MF,2. Farense,Farense,Other,30,2,0,32,0,1,1
Ali Ahmed,Canada,Canada,MF,2. Norwich City,Norwich City,EPL,25,4,3,234,0,0,0
Alistair Johnston,Canada,Canada,DF,1. Celtic,Celtic,ScottishPrem,27,5,5,450,0,0,0
Alphonso Davies,Canada,Canada,"DF,FW",1. Bayern Munich,Bayern Munich,Bundesliga,25,1,0,16,0,0,0
Cyle Larin,Canada,Canada,FW,1. Mallorca,Mallorca,LaLiga,31,4,2,190,2,0,2
Derek Cornelius,Canada,Canada,DF,1. Marseille,Marseille,Ligue1,28,4,4,315,0,0,0
Ismaël Koné,Canada,Canada,MF,1. Sassuolo,Sassuolo,SerieA,23,2,2,146,0,0,0
Jacob Shaffelburg,Canada,Canada,MF,1. LAFC,LAFC,MLS,26,5,0,92,0,0,0
Jayden Nelson,Canada,Canada,"FW,MF",1. Austin FC,Austin FC,Other,23,1,0,4,0,0,0
Jonathan David,Canada,Canada,FW,1. Juventus,Juventus,SerieA,26,5,5,420,3,0,3
Jonathan Osorio,Canada,Canada,MF,1. Toronto FC,Toronto FC,MLS,34,2,0,5,0,0,0
Liam Millar,Canada,Canada,MF,2. Hull City,Hull City,EPL,26,3,2,162,0,0,0
Luc De Fougerolles,Canada,Canada,DF,1. Fulham,Fulham,EPL,20,5,4,372,0,0,0
Mathieu Choinière,Canada,Canada,MF,1. LAFC,LAFC,MLS,27,1,1,57,0,0,0
Maxime Crépeau,Canada,Canada,GK,1. Orlando City,Orlando City,MLS,32,5,5,450,0,0,0
Moïse Bombito,Canada,Canada,DF,1. Nice,Nice,Ligue1,26,3,2,193,0,0,0
Nathan Saliba,Canada,Canada,MF,1. Anderlecht,Anderlecht,BelgianPro,22,3,2,182,1,2,3
Niko Sigur,Canada,Canada,MF,1. Hajduk Split,Hajduk Split,Other,22,3,1,126,0,0,0
Promise David,Canada,Canada,FW,1. Union SG,Union SG,BelgianPro,24,4,0,80,1,1,2
Richie Laryea,Canada,Canada,DF,1. Toronto FC,Toronto FC,MLS,31,5,5,429,0,0,0
Stephen Eustáquio,Canada,Canada,MF,1. Porto,Porto,PrimeiraLiga,29,5,4,392,1,0,1
Tajon Buchanan,Canada,Canada,MF,1. Villarreal,Villarreal,LaLiga,27,5,5,376,0,0,0
Tani Oluwaseyi,Canada,Canada,FW,1. Villarreal,Villarreal,LaLiga,26,5,3,259,0,0,0
Andrés Gómez,Colombia,Colombia,MF,1. Vasco da Gama,Vasco da Gama,Brasileirao,23,1,0,1,0,0,0
Camilo Vargas,Colombia,Colombia,GK,1. Atlas,Atlas,LigaMX,37,5,5,480,0,0,0
Cucho,Colombia,Colombia,"FW,MF",1. Real Betis,Real Betis,LaLiga,27,2,0,50,0,1,1
Daniel Muñoz,Colombia,Colombia,DF,1. Crystal Palace,Crystal Palace,EPL,30,5,4,394,2,0,2
Davinson Sánchez,Colombia,Colombia,DF,1. Galatasaray,Galatasaray,SuperLig,30,5,5,480,0,0,0
Deiver Machado,Colombia,Colombia,DF,1. Nantes,Nantes,Ligue1,32,1,1,90,0,0,0
Gustavo Puerta,Colombia,Colombia,MF,2. Racing Sant,Racing Sant,ArgPrimera,22,5,5,469,0,1,1
James Rodríguez,Colombia,Colombia,"FW,MF",1. Minnesota Utd,Minnesota Utd,MLS,34,5,5,313,0,0,0
Jaminton Campaz,Colombia,Colombia,"FW,MF",1. Rosario Central,Rosario Central,Other,26,3,0,75,1,0,1
Jefferson Lerma,Colombia,Colombia,MF,1. Crystal Palace,Crystal Palace,EPL,31,5,5,410,0,0,0
Jhon Arias,Colombia,Colombia,MF,1. Palmeiras,Palmeiras,Brasileirao,28,5,5,377,1,0,1
Jhon Córdoba,Colombia,Colombia,FW,1. Krasnodar,Krasnodar,Other,33,3,2,99,0,0,0
Jhon Lucumí,Colombia,Colombia,DF,1. Bologna,Bologna,SerieA,27,5,5,478,0,0,0
Johan Mojica,Colombia,Colombia,DF,1. Mallorca,Mallorca,LaLiga,33,4,4,390,0,0,0
Juan Quintero,Colombia,Colombia,"FW,MF",1. River Plate,River Plate,ArgPrimera,33,4,0,121,0,1,1
Kevin Castaño,Colombia,Colombia,MF,1. River Plate,River Plate,ArgPrimera,25,2,0,16,0,0,0
Luis Díaz,Colombia,Colombia,"FW,MF",1. Bayern Munich,Bayern Munich,Bundesliga,29,5,5,478,1,1,2
Luis Suárez,Colombia,Colombia,FW,1. Sporting CP,Sporting CP,PrimeiraLiga,28,5,3,331,0,1,1
Richard Ríos,Colombia,Colombia,MF,1. Benfica,Benfica,PrimeiraLiga,26,5,0,140,0,0,0
Santiago Arias,Colombia,Colombia,DF,1. Independiente,Independiente,ArgPrimera,34,1,1,86,0,0,0
Yerry Mina,Colombia,Colombia,DF,1. Cagliari,Cagliari,SerieA,31,1,0,2,0,0,0
Aaron Wan-Bissaka,Congo DR,Congo DR,DF,1. West Ham,West Ham,EPL,28,4,4,354,0,0,0
Arthur Masuaku,Congo DR,Congo DR,DF,1. Lens,Lens,Ligue1,32,4,4,315,0,1,1
Axel Tuanzebe,Congo DR,Congo DR,DF,1. Burnley,Burnley,EPL,28,4,4,360,0,0,0
Brian Cipenga,Congo DR,Congo DR,"MF,FW",2. Castellón,Castellón,Other,28,2,2,146,1,0,1
Chancel Mbemba,Congo DR,Congo DR,DF,1. Lille,Lille,Ligue1,31,4,4,360,0,1,1
Charles Pickel,Congo DR,Congo DR,"DF,MF",1. Espanyol,Espanyol,LaLiga,29,2,0,35,0,0,0
Cédric Bakambu,Congo DR,Congo DR,FW,1. Real Betis,Real Betis,LaLiga,35,3,3,190,0,0,0
Edo Kayembe,Congo DR,Congo DR,MF,2. Watford,Watford,EPL,28,3,2,160,0,0,0
Fiston Mayele,Congo DR,Congo DR,FW,1. Pyramids FC,Pyramids FC,EgyptPL,31,2,0,42,1,0,1
Gédéon Kalulu,Congo DR,Congo DR,DF,1. Aris Limassol,Aris Limassol,Other,28,1,0,6,0,0,0
Joris Kayembe,Congo DR,Congo DR,"DF,FW",1. Genk,Genk,Other,31,4,0,45,0,0,0
Lionel Mpasi,Congo DR,Congo DR,GK,1. Le Havre,Le Havre,Ligue1,31,4,4,360,0,0,0
Meschak Elia,Congo DR,Congo DR,"FW,MF",1. Alanyaspor,Alanyaspor,Other,28,2,0,46,0,1,1
Nathanaël Mbuku,Congo DR,Congo DR,"MF,FW",2. Montpellier,Montpellier,Ligue1,24,3,2,143,0,0,0
Ngal'Ayel Mukau,Congo DR,Congo DR,MF,1. Lille,Lille,Ligue1,21,4,3,195,0,0,0
Noah Sadiki,Congo DR,Congo DR,MF,1. Sunderland,Sunderland,EPL,21,4,2,259,0,0,0
Samuel Moutoussamy,Congo DR,Congo DR,MF,1. Atromitos,Atromitos,Other,29,4,4,330,0,0,0
Simon Banza,Congo DR,Congo DR,"FW,MF",1. Al Jazira Club,Al Jazira Club,Other,29,2,0,40,0,0,0
Steve Kapuadi,Congo DR,Congo DR,DF,1. Widzew Łódź,Widzew Łódź,Other,28,2,2,180,0,0,0
Theo Bongonda,Congo DR,Congo DR,"FW,MF",1. Spartak Moscow,Spartak Moscow,Other,30,2,0,34,0,0,0
Yoane Wissa,Congo DR,Congo DR,FW,1. Newcastle,Newcastle,EPL,29,4,4,360,3,0,3
Andrej Kramarić,Croatia,Croatia,"FW,MF",1. Hoffenheim,Hoffenheim,Bundesliga,34,3,0,59,0,0,0
Ante Budimir,Croatia,Croatia,FW,1. Osasuna,Osasuna,LaLiga,34,3,2,155,1,0,1
Dominik Livaković,Croatia,Croatia,GK,1. Dinamo Zagreb,Dinamo Zagreb,Other,31,4,4,360,0,0,0
Igor Matanović,Croatia,Croatia,FW,1. Freiburg,Freiburg,Bundesliga,23,3,0,95,0,0,0
Ivan Perišić,Croatia,Croatia,"MF,DF",1. PSV,PSV,Eredivisie,37,4,4,360,1,1,2
Josip Stanišić,Croatia,Croatia,"DF,MF",1. Bayern Munich,Bayern Munich,Bundesliga,26,4,4,360,0,1,1
Josip Šutalo,Croatia,Croatia,DF,1. Ajax,Ajax,Eredivisie,26,4,4,360,0,0,0
Joško Gvardiol,Croatia,Croatia,DF,1. Manchester City,Manchester City,EPL,24,4,2,139,0,0,0
Luka Modrić,Croatia,Croatia,MF,1. Milan,Milan,SerieA,40,4,4,317,0,1,1
Luka Sučić,Croatia,Croatia,"FW,MF",1. Real Sociedad,Real Sociedad,LaLiga,23,1,0,19,0,0,0
Luka Vušković,Croatia,Croatia,DF,1. Hamburger SV,Hamburger SV,Bundesliga,19,1,1,65,0,0,0
Marco Pašalić,Croatia,Croatia,MF,1. Orlando City,Orlando City,MLS,25,3,1,99,0,0,0
Marin Pongračić,Croatia,Croatia,DF,1. Fiorentina,Fiorentina,SerieA,28,3,3,270,0,0,0
Mario Pašalić,Croatia,Croatia,MF,1. Atalanta,Atalanta,SerieA,31,4,1,123,0,0,0
Martin Baturina,Croatia,Croatia,"MF,FW",1. Como,Como,Other,23,4,4,321,1,0,1
Mateo Kovačić,Croatia,Croatia,MF,1. Manchester City,Manchester City,EPL,32,4,3,270,0,1,1
Nikola Vlašić,Croatia,Croatia,MF,1. Torino,Torino,SerieA,28,3,2,189,1,0,1
Petar Musa,Croatia,Croatia,FW,1. FC Dallas,FC Dallas,MLS,28,2,2,110,1,0,1
Petar Sučić,Croatia,Croatia,"MF,FW",1. Inter,Inter,SerieA,22,4,3,289,1,1,2
Armando Obispo,Curaçao,Curaçao,DF,1. PSV,PSV,Eredivisie,27,3,3,270,0,0,0
Brandley Kuwas,Curaçao,Curaçao,"FW,MF",1. Volendam,Volendam,Other,33,1,0,1,0,0,0
Deveron Fonville,Curaçao,Curaçao,DF,1. NEC Nijmegen,NEC Nijmegen,Other,23,3,3,241,0,0,0
Eloy Room,Curaçao,Curaçao,GK,2. Miami FC,Miami FC,MLS,37,3,3,270,0,0,0
Gervane Kastaneer,Curaçao,Curaçao,"FW,MF",1. Terengganu City,Terengganu City,Other,30,3,0,30,0,0,0
Godfried Roemeratoe,Curaçao,Curaçao,MF,2. RKC Waalwijk,RKC Waalwijk,Other,26,1,0,7,0,0,0
Jearl Margaritha,Curaçao,Curaçao,"FW,MF",2. Beveren,Beveren,Other,26,2,0,41,0,0,0
Jeremy Antonisse,Curaçao,Curaçao,"FW,MF",1. AE Kifisia,AE Kifisia,Other,24,2,0,75,0,0,0
Joshua Brenet,Curaçao,Curaçao,DF,1. Kayserispor,Kayserispor,Other,32,2,2,179,0,0,0
Juninho Bacuna,Curaçao,Curaçao,MF,1. Volendam,Volendam,Other,28,3,3,254,0,0,0
Juriën Gaari,Curaçao,Curaçao,DF,2. Abha,Abha,Other,32,2,2,166,0,0,0
Jürgen Locadia,Curaçao,Curaçao,FW,2. Miami FC,Miami FC,MLS,32,3,3,235,0,0,0
Kenji Gorré,Curaçao,Curaçao,"FW,MF",1. Maccabi Haifa,Maccabi Haifa,Other,31,1,0,16,0,0,0
Leandro Bacuna,Curaçao,Curaçao,MF,2. 76 Iğdır Belediyespor,76 Iğdır Belediyespor,Other,34,3,3,270,0,0,0
Livano Comenencia,Curaçao,Curaçao,MF,1. Zürich,Zürich,Other,22,3,3,233,1,0,1
Riechedly Bazoer,Curaçao,Curaçao,DF,1. Konyaspor,Konyaspor,Other,29,1,1,90,0,0,0
Roshon van Eijma,Curaçao,Curaçao,DF,2. RKC Waalwijk,RKC Waalwijk,Other,28,1,0,15,0,0,0
Sherel Floranus,Curaçao,Curaçao,DF,1. Zwolle,Zwolle,Eredivisie,27,3,3,270,0,0,0
Shurandy Sambo,Curaçao,Curaçao,DF,1. Sparta R.,Sparta R.,Other,24,1,0,1,0,0,0
Sontje Hansen,Curaçao,Curaçao,FW,2. Middlesbrough,Middlesbrough,EPL,24,1,1,45,0,0,0
Tahith Chong,Curaçao,Curaçao,MF,2. Sheffield United,Sheffield United,EPL,26,3,3,247,0,0,0
Tyrese Noslin,Curaçao,Curaçao,MF,1. Telstar,Telstar,Other,23,1,0,14,0,0,0
Adam Hložek,Czechia,Czechia,FW,1. Hoffenheim,Hoffenheim,Bundesliga,23,3,2,156,0,0,0
Alexandr Sojka,Czechia,Czechia,"MF,DF",1. Viktoria Plzeň,Viktoria Plzeň,CzechLiga,23,3,2,141,0,1,1
David Douděra,Czechia,Czechia,MF,1. Slavia Prague,Slavia Prague,CzechLiga,28,1,1,90,0,0,0
David Zima,Czechia,Czechia,DF,1. Slavia Prague,Slavia Prague,CzechLiga,25,1,0,13,0,0,0
Denis Višinský,Czechia,Czechia,FW,1. Viktoria Plzeň,Viktoria Plzeň,CzechLiga,23,1,1,55,0,0,0
Jaroslav Zelený,Czechia,Czechia,MF,1. Sparta Prague,Sparta Prague,CzechLiga,33,2,1,126,0,0,0
Ladislav Krejčí,Czechia,Czechia,DF,1. Wolves,Wolves,EPL,27,3,3,270,1,0,1
Lukáš Provod,Czechia,Czechia,FW,1. Slavia Prague,Slavia Prague,CzechLiga,29,3,1,122,0,0,0
Lukáš Červ,Czechia,Czechia,MF,1. Viktoria Plzeň,Viktoria Plzeň,CzechLiga,25,2,2,163,0,0,0
Matej Kovar,Czechia,Czechia,GK,1. PSV,PSV,Eredivisie,26,3,3,270,0,0,0
Michal Sadílek,Czechia,Czechia,MF,1. Slavia Prague,Slavia Prague,CzechLiga,27,3,2,183,1,0,1
Mojmír Chytil,Czechia,Czechia,FW,1. Slavia Prague,Slavia Prague,CzechLiga,27,1,0,7,0,0,0
Patrik Schick,Czechia,Czechia,FW,1. Leverkusen,Leverkusen,Bundesliga,30,3,2,180,0,0,0
Pavel Šulc,Czechia,Czechia,FW,1. Lyon,Lyon,Ligue1,25,3,2,189,0,0,0
Robin Hranáč,Czechia,Czechia,DF,1. Hoffenheim,Hoffenheim,Bundesliga,26,3,3,270,0,0,0
Tomáš Chorý,Czechia,Czechia,FW,1. Slavia Prague,Slavia Prague,CzechLiga,31,2,0,31,0,0,0
Tomáš Holeš,Czechia,Czechia,DF,1. Slavia Prague,Slavia Prague,CzechLiga,33,2,2,153,0,0,0
Tomáš Souček,Czechia,Czechia,MF,1. West Ham,West Ham,EPL,31,3,1,137,0,0,0
Vladimír Coufal,Czechia,Czechia,"MF,DF",1. Hoffenheim,Hoffenheim,Bundesliga,33,3,3,270,0,1,1
Vladimír Darida,Czechia,Czechia,MF,1. Hradec Králové,Hradec Králové,Other,35,1,1,54,0,0,0
Štěpán Chaloupek,Czechia,Czechia,DF,1. Slavia Prague,Slavia Prague,CzechLiga,23,1,1,90,0,0,0
Amad Diallo,Côte d'Ivoire,Côte d'Ivoire,"MF,FW",1. Manchester Utd,Manchester Utd,EPL,23,4,2,185,2,0,2
Ange-Yoan Bonny,Côte d'Ivoire,Côte d'Ivoire,FW,1. Inter,Inter,SerieA,22,4,3,234,0,0,0
Bazoumana Touré,Côte d'Ivoire,Côte d'Ivoire,MF,1. Hoffenheim,Hoffenheim,Bundesliga,20,3,1,80,0,0,0
Christ Inao Oulaï,Côte d'Ivoire,Côte d'Ivoire,MF,1. Trabzonspor,Trabzonspor,SuperLig,20,4,2,208,0,0,0
Christopher Opéri,Côte d'Ivoire,Côte d'Ivoire,DF,1. Başakşehir,Başakşehir,SuperLig,29,1,1,90,0,0,0
Elye Wahi,Côte d'Ivoire,Côte d'Ivoire,FW,1. Nice,Nice,Ligue1,23,3,1,110,0,0,0
Emmanuel Agbadou,Côte d'Ivoire,Côte d'Ivoire,DF,1. Beşiktaş,Beşiktaş,SuperLig,28,3,3,270,0,0,0
Evann Guessand,Côte d'Ivoire,Côte d'Ivoire,"FW,MF",1. Crystal Palace,Crystal Palace,EPL,24,2,0,17,0,0,0
Franck Kessié,Côte d'Ivoire,Côte d'Ivoire,MF,1. Al-Ahli,Al-Ahli,SaudiPro,29,4,4,346,1,0,1
Ghislain Konan,Côte d'Ivoire,Côte d'Ivoire,DF,1. Gil Vicente FC,Gil Vicente FC,Other,30,3,3,269,0,0,0
Guéla Doué,Côte d'Ivoire,Côte d'Ivoire,DF,1. Strasbourg,Strasbourg,Ligue1,23,4,3,277,0,0,0
Ibrahim Sangaré,Côte d'Ivoire,Côte d'Ivoire,MF,1. Nottingham,Nottingham,EPL,28,4,3,268,0,1,1
Jean Seri,Côte d'Ivoire,Côte d'Ivoire,MF,1. NK Maribor,NK Maribor,Other,34,1,0,14,0,0,0
Nicolas Pépé,Côte d'Ivoire,Côte d'Ivoire,FW,1. Villarreal,Villarreal,LaLiga,31,4,3,234,2,1,3
Odilon Kossounou,Côte d'Ivoire,Côte d'Ivoire,DF,1. Atalanta,Atalanta,SerieA,25,4,3,272,0,0,0
Oumar Diakité,Côte d'Ivoire,Côte d'Ivoire,FW,1. Cercle Brugge,Cercle Brugge,Other,22,2,0,28,0,0,0
Ousmane Diomande,Côte d'Ivoire,Côte d'Ivoire,DF,1. Sporting CP,Sporting CP,PrimeiraLiga,22,1,1,90,0,0,0
Seko Fofana,Côte d'Ivoire,Côte d'Ivoire,MF,1. Porto,Porto,PrimeiraLiga,31,2,1,92,0,0,0
Simon Adingra,Côte d'Ivoire,Côte d'Ivoire,"FW,MF",1. Monaco,Monaco,Ligue1,24,1,0,16,0,0,0
Wilfried Singo,Côte d'Ivoire,Côte d'Ivoire,DF,1. Galatasaray,Galatasaray,SuperLig,25,2,2,171,0,1,1
Yahia Fofana,Côte d'Ivoire,Côte d'Ivoire,GK,1. Rizespor,Rizespor,Other,25,4,4,360,0,0,0
Yan Diomandé,Côte d'Ivoire,Côte d'Ivoire,"MF,FW",1. RB Leipzig,RB Leipzig,Bundesliga,19,4,4,329,0,1,1
Alan Franco,Ecuador,Ecuador,DF,1. Atlético Mineiro,Atlético Mineiro,Brasileirao,27,4,4,251,0,0,0
Alan Minda,Ecuador,Ecuador,MF,1. Atlético Mineiro,Atlético Mineiro,Brasileirao,23,1,1,55,0,0,0
Enner Valencia,Ecuador,Ecuador,FW,1. Pachuca,Pachuca,LigaMX,36,4,4,287,0,0,0
Félix Torres Caicedo,Ecuador,Ecuador,DF,1. Internacional,Internacional,Brasileirao,29,1,0,6,0,0,0
Gonzalo Plata,Ecuador,Ecuador,FW,1. Flamengo,Flamengo,Brasileirao,25,4,4,360,1,0,1
Hernán Galíndez,Ecuador,Ecuador,GK,1. Huracán,Huracán,Other,39,4,4,360,0,0,0
Jackson Porozo,Ecuador,Ecuador,DF,1. Tijuana,Tijuana,Other,25,1,0,29,0,0,0
Joel Ordóñez,Ecuador,Ecuador,DF,1. Club Brugge,Club Brugge,BelgianPro,22,3,3,225,0,0,0
John Yeboah,Ecuador,Ecuador,MF,2. Venezia,Venezia,Other,25,4,4,311,0,0,0
Jordy Alcivar,Ecuador,Ecuador,MF,1. Independiente,Independiente,ArgPrimera,26,1,1,45,0,0,0
Jordy Caicedo,Ecuador,Ecuador,FW,1. Huracán,Huracán,Other,28,3,0,20,0,0,0
Kendry Páez,Ecuador,Ecuador,MF,1. River Plate,River Plate,ArgPrimera,19,1,0,12,0,0,0
Kevin Rodríguez,Ecuador,Ecuador,FW,1. Union SG,Union SG,BelgianPro,26,4,0,118,0,1,1
Moisés Caicedo,Ecuador,Ecuador,MF,1. Chelsea,Chelsea,EPL,24,4,4,360,0,0,0
Nilson Angulo,Ecuador,Ecuador,MF,1. Sunderland,Sunderland,EPL,22,4,2,218,1,0,1
Pedro Vite,Ecuador,Ecuador,MF,1. UNAM,UNAM,LigaMX,24,4,4,360,0,1,1
Pervis Estupiñán,Ecuador,Ecuador,MF,1. Milan,Milan,SerieA,28,2,1,89,0,0,0
Piero Hincapié,Ecuador,Ecuador,DF,1. Arsenal,Arsenal,EPL,24,4,4,339,0,0,0
Willian Pacho,Ecuador,Ecuador,DF,1. PSG,PSG,Ligue1,24,4,4,360,0,0,0
Yaimar Medina,Ecuador,Ecuador,"DF,MF",1. Genk,Genk,Other,21,1,0,45,0,0,0
Ángelo Preciado,Ecuador,Ecuador,"DF,MF",1. Atlético Mineiro,Atlético Mineiro,Brasileirao,28,4,0,109,0,0,0
Ahmed Fatouh,Egypt,Egypt,DF,1. Zamalek SC,Zamalek SC,EgyptPL,28,3,3,267,0,0,0
Emam Ashour,Egypt,Egypt,MF,1. Al Ahly,Al Ahly,EgyptPL,28,5,5,362,2,0,2
Haissem Hassan,Egypt,Egypt,MF,1. Oviedo,Oviedo,Other,24,2,1,126,0,1,1
Hamdy Fathy,Egypt,Egypt,"DF,MF",1. Al-Wakrah,Al-Wakrah,Other,31,4,3,238,0,0,0
Hamza Abdelkarim,Egypt,Egypt,FW,4. Barcelona B,Barcelona B,Other,18,4,0,60,0,0,0
Hossam Abdelmaguid,Egypt,Egypt,DF,1. Zamalek SC,Zamalek SC,EgyptPL,25,2,0,59,0,0,0
Ibrahim Adel,Egypt,Egypt,MF,1. Nordsjælland,Nordsjælland,Other,25,1,0,3,0,0,0
Karim Hafez,Egypt,Egypt,DF,1. Pyramids FC,Pyramids FC,EgyptPL,30,3,2,172,0,1,1
Mahmoud Saber,Egypt,Egypt,MF,1. ZED,ZED,Other,24,2,1,46,1,0,1
Marwan Attia,Egypt,Egypt,MF,1. Al Ahly,Al Ahly,EgyptPL,27,5,4,434,0,1,1
Mohamed Abdelmonem,Egypt,Egypt,DF,1. Nice,Nice,Ligue1,27,2,1,14,0,0,0
Mohamed Hany,Egypt,Egypt,DF,1. Al Ahly,Al Ahly,EgyptPL,30,5,5,480,0,1,1
Mohamed Salah,Egypt,Egypt,"FW,MF",1. Liverpool,Liverpool,EPL,33,5,5,425,1,2,3
Mohanad Lasheen,Egypt,Egypt,MF,,<NA>,Other,30,4,4,359,0,0,0
Mostafa Shobeir,Egypt,Egypt,GK,1. Al Ahly,Al Ahly,EgyptPL,26,5,5,480,0,0,0
Mostafa Ziko,Egypt,Egypt,"FW,MF",1. Pyramids FC,Pyramids FC,EgyptPL,29,5,5,370,2,1,3
Omar Marmoush,Egypt,Egypt,"FW,MF",1. Manchester City,Manchester City,EPL,27,5,3,326,0,0,0
Ramy Rabia,Egypt,Egypt,DF,1. Al Ain,Al Ain,Other,33,5,3,372,0,0,0
Trézéguet,Egypt,Egypt,MF,1. Al Ahly,Al Ahly,EgyptPL,31,4,1,164,1,1,2
Yasser Ibrahim,Egypt,Egypt,DF,1. Al Ahly,Al Ahly,EgyptPL,33,5,4,467,1,0,1
Zizo,Egypt,Egypt,MF,1. Al Ahly,Al Ahly,EgyptPL,30,4,0,56,0,0,0
Anthony Gordon,England,England,MF,1. Barcelona,Barcelona,LaLiga,25,6,5,396,1,3,4
Bukayo Saka,England,England,MF,1. Arsenal,Arsenal,EPL,24,7,3,358,3,3,6
Dan Burn,England,England,DF,1. Newcastle,Newcastle,EPL,34,3,0,35,0,0,0
Dean Henderson,England,England,GK,1. Crystal Palace,Crystal Palace,EPL,29,1,1,90,0,0,0
Declan Rice,England,England,MF,1. Arsenal,Arsenal,EPL,27,7,7,557,1,2,3
Djed Spence,England,England,DF,1. Tottenham,Tottenham,EPL,25,8,4,404,0,0,0
Eberechi Eze,England,England,MF,1. Arsenal,Arsenal,EPL,27,5,1,211,0,1,1
Elliot Anderson,England,England,MF,1. Nottingham,Nottingham,EPL,23,8,7,632,0,1,1
Ezri Konsa,England,England,DF,1. Aston Villa,Aston Villa,EPL,28,8,7,647,1,0,1
Harry Kane,England,England,FW,1. Bayern Munich,Bayern Munich,Bundesliga,32,7,7,652,6,1,7
Ivan Toney,England,England,FW,1. Al-Ahli,Al-Ahli,SaudiPro,30,2,1,79,0,0,0
Jarell Quansah,England,England,DF,1. Leverkusen,Leverkusen,Bundesliga,23,3,3,197,0,0,0
John Stones,England,England,DF,1. Manchester City,Manchester City,EPL,32,5,3,330,0,0,0
Jordan Henderson,England,England,MF,1. Brentford,Brentford,EPL,35,1,0,7,0,0,0
Jordan Pickford,England,England,GK,1. Everton,Everton,EPL,32,7,7,660,0,0,0
Jude Bellingham,England,England,MF,1. Real Madrid,Real Madrid,LaLiga,22,8,7,614,7,1,8
Marc Guéhi,England,England,DF,1. Manchester City,Manchester City,EPL,25,8,7,663,0,0,0
Marcus Rashford,England,England,MF,1. Barcelona,Barcelona,LaLiga,28,6,3,223,1,1,2
Morgan Rogers,England,England,MF,1. Aston Villa,Aston Villa,EPL,23,7,3,339,0,1,1
Nico O'Reilly,England,England,DF,1. Manchester City,Manchester City,EPL,21,7,5,461,0,0,0
Noni Madueke,England,England,MF,1. Arsenal,Arsenal,EPL,24,5,4,286,0,0,0
Ollie Watkins,England,England,"FW,MF",1. Aston Villa,Aston Villa,EPL,30,2,0,52,0,0,0
Reece James,England,England,DF,1. Chelsea,Chelsea,EPL,26,5,3,319,0,0,0
Trevoh Chalobah,England,England,"DF,MF",1. Chelsea,Chelsea,EPL,26,1,0,1,0,0,0
Adrien Rabiot,France,France,MF,1. Milan,Milan,SerieA,31,7,7,585,0,1,1
Aurélien Tchouaméni,France,France,MF,1. Real Madrid,Real Madrid,LaLiga,26,4,4,360,0,1,1
Bradley Barcola,France,France,MF,1. PSG,PSG,Ligue1,23,8,4,384,3,1,4
Dayot Upamecano,France,France,DF,1. Bayern Munich,Bayern Munich,Bundesliga,27,8,7,660,0,1,1
Désiré Doué,France,France,MF,1. PSG,PSG,Ligue1,21,8,4,400,1,1,2
Ibrahima Konaté,France,France,DF,1. Liverpool,Liverpool,EPL,27,2,1,60,0,0,0
Jean-Philippe Mateta,France,France,FW,1. Crystal Palace,Crystal Palace,EPL,28,3,0,24,0,0,0
Jules Koundé,France,France,DF,1. Barcelona,Barcelona,LaLiga,27,8,7,599,0,0,0
Kylian Mbappé,France,France,FW,1. Real Madrid,Real Madrid,LaLiga,27,8,8,695,10,4,14
Lucas Digne,France,France,DF,1. Aston Villa,Aston Villa,EPL,32,6,5,463,0,0,0
Maghnes Akliouche,France,France,MF,1. Monaco,Monaco,Ligue1,24,1,0,8,0,0,0
Malo Gusto,France,France,DF,1. Chelsea,Chelsea,EPL,23,5,1,121,0,0,0
Manu Koné,France,France,MF,1. Roma,Roma,SerieA,25,5,4,385,0,0,0
Marcus Thuram,France,France,"FW,MF",1. Inter,Inter,SerieA,28,1,0,1,0,0,0
Maxence Lacroix,France,France,DF,1. Crystal Palace,Crystal Palace,EPL,26,3,2,241,0,0,0
Michael Olise,France,France,MF,1. Bayern Munich,Bayern Munich,Bundesliga,24,8,8,646,0,7,7
Mike Maignan,France,France,GK,1. Milan,Milan,SerieA,30,8,8,720,0,0,0
Ousmane Dembélé,France,France,MF,1. PSG,PSG,Ligue1,29,8,7,592,6,2,8
Rayan Cherki,France,France,MF,1. Manchester City,Manchester City,EPL,22,7,1,130,0,0,0
Theo Hernández,France,France,DF,1. Al-Hilal,Al-Hilal,SaudiPro,28,5,3,257,0,0,0
Warren Zaïre-Emery,France,France,MF,1. PSG,PSG,Ligue1,20,2,1,110,0,0,0
William Saliba,France,France,DF,1. Arsenal,Arsenal,EPL,25,6,6,479,0,0,0
Aleksandar Pavlovic,Germany,Germany,MF,1. Bayern Munich,Bayern Munich,Bundesliga,22,4,4,272,0,0,0
Angelo Stiller,Germany,Germany,MF,1. Stuttgart,Stuttgart,Bundesliga,25,1,0,45,0,0,0
Antonio Rüdiger,Germany,Germany,DF,1. Real Madrid,Real Madrid,LaLiga,33,4,2,262,0,0,0
David Raum,Germany,Germany,DF,1. RB Leipzig,RB Leipzig,Bundesliga,28,2,1,108,0,0,0
Deniz Undav,Germany,Germany,FW,1. Stuttgart,Stuttgart,Bundesliga,29,4,1,151,3,2,5
Felix Nmecha,Germany,Germany,MF,1. Dortmund,Dortmund,Bundesliga,25,4,4,270,1,1,2
Florian Wirtz,Germany,Germany,MF,1. Liverpool,Liverpool,EPL,23,4,4,361,0,3,3
Jamal Musiala,Germany,Germany,MF,1. Bayern Munich,Bayern Munich,Bundesliga,23,4,3,270,1,0,1
Jamie Leweling,Germany,Germany,"FW,MF",1. Stuttgart,Stuttgart,Bundesliga,25,1,0,31,0,0,0
Jonathan Tah,Germany,Germany,DF,1. Bayern Munich,Bayern Munich,Bundesliga,30,4,4,372,0,0,0
Joshua Kimmich,Germany,Germany,DF,1. Bayern Munich,Bayern Munich,Bundesliga,31,4,4,351,0,2,2
Kai Havertz,Germany,Germany,FW,1. Arsenal,Arsenal,EPL,27,4,4,353,3,0,3
Leon Goretzka,Germany,Germany,MF,1. Bayern Munich,Bayern Munich,Bundesliga,31,3,0,99,0,0,0
Leroy Sané,Germany,Germany,MF,1. Galatasaray,Galatasaray,SuperLig,30,4,4,326,1,0,1
Malick Thiaw,Germany,Germany,"DF,MF",1. Newcastle,Newcastle,EPL,24,2,0,42,0,0,0
Manuel Neuer,Germany,Germany,GK,1. Bayern Munich,Bayern Munich,Bundesliga,40,4,4,390,0,0,0
Maximilian Beier,Germany,Germany,"FW,MF",1. Dortmund,Dortmund,Bundesliga,23,1,0,27,0,0,0
Nadiem Amiri,Germany,Germany,MF,1. Mainz 05,Mainz 05,Bundesliga,29,2,0,42,0,1,1
Nathaniel Brown,Germany,Germany,DF,1. Frankfurt,Frankfurt,Bundesliga,22,3,3,282,1,1,2
Nick Woltemade,Germany,Germany,"FW,MF",1. Newcastle,Newcastle,EPL,24,1,0,33,0,0,0
Nico Schlotterbeck,Germany,Germany,DF,1. Dortmund,Dortmund,Bundesliga,26,2,2,135,1,0,1
Pascal Groß,Germany,Germany,"DF,MF",1. Brighton,Brighton,EPL,34,1,0,18,0,0,0
Waldemar Anton,Germany,Germany,"DF,MF",1. Dortmund,Dortmund,Bundesliga,29,2,0,50,0,0,0
Abdul Fatawu Issahaku,Ghana,Ghana,"FW,MF",2. Leicester City,Leicester City,EPL,22,4,0,132,0,0,0
Abdul Rahman Baba,Ghana,Ghana,"DF,MF",1. PAOK,PAOK,Other,31,1,0,1,0,0,0
Alidu Seidu,Ghana,Ghana,DF,1. Rennes,Rennes,Ligue1,26,1,0,78,0,0,0
Antoine Semenyo,Ghana,Ghana,"MF,FW",1. Manchester City,Manchester City,EPL,26,4,4,360,0,0,0
Benjamin Asare,Ghana,Ghana,GK,1. Accra Hearts of Oak,Accra Hearts of Oak,Other,33,3,2,225,0,0,0
Brandon Thomas-Asante,Ghana,Ghana,"FW,MF",2. Coventry City,Coventry City,EPL,27,2,0,53,0,0,0
Caleb Yirenkyi,Ghana,Ghana,MF,1. Nordsjælland,Nordsjælland,Other,20,4,3,264,1,0,1
Derrick Luckassen,Ghana,Ghana,DF,1. Pafos FC,Pafos FC,Other,30,2,2,180,1,0,1
Elisha Owusu,Ghana,Ghana,MF,1. Auxerre,Auxerre,Ligue1,28,3,2,151,0,0,0
Ernest Nuamah,Ghana,Ghana,MF,1. Lyon,Lyon,Ligue1,22,3,1,89,0,1,1
Gideon Mensah,Ghana,Ghana,DF,1. Auxerre,Auxerre,Ligue1,27,4,4,360,0,0,0
Iñaki Williams,Ghana,Ghana,"MF,FW",1. Athletic Club,Athletic Club,LaLiga,31,2,2,126,0,0,0
Jerome Opoku,Ghana,Ghana,DF,1. Başakşehir,Başakşehir,SuperLig,27,3,3,270,0,0,0
Jonas Adjetey,Ghana,Ghana,DF,1. Wolfsburg,Wolfsburg,Bundesliga,22,3,3,225,0,0,0
Jordan Ayew,Ghana,Ghana,FW,2. Leicester City,Leicester City,EPL,34,4,4,300,0,0,0
Kamaldeen Sulemana,Ghana,Ghana,"MF,FW",1. Atlanta Utd,Atlanta Utd,MLS,24,2,2,127,0,0,0
Kojo Peprah Oppong,Ghana,Ghana,DF,1. Nice,Nice,Ligue1,22,2,0,49,0,0,0
Kwasi Sibo,Ghana,Ghana,MF,1. Oviedo,Oviedo,Other,27,4,3,248,0,0,0
Lawrence Ati-Zigi,Ghana,Ghana,GK,1. St. Gallen,St. Gallen,Other,29,2,2,135,0,0,0
Marvin Senaya,Ghana,Ghana,DF,1. Auxerre,Auxerre,Ligue1,25,4,4,278,0,0,0
Prince Kwabena Adu,Ghana,Ghana,FW,1. Viktoria Plzeň,Viktoria Plzeň,CzechLiga,22,3,0,39,0,0,0
Thomas Partey,Ghana,Ghana,MF,1. Villarreal,Villarreal,LaLiga,33,3,3,270,0,0,0
Carlens Arcus,Haiti,Haiti,"MF,DF",1. Angers,Angers,Ligue1,29,3,2,146,0,0,0
Danley Jean-Jacques,Haiti,Haiti,MF,1. Philadelphia,Philadelphia,Other,26,3,3,259,0,0,0
Derrick Etienne,Haiti,Haiti,"FW,MF",1. Toronto FC,Toronto FC,MLS,29,1,0,10,0,0,0
Dominique Simon,Haiti,Haiti,MF,1. 1. FC Tatran Prešov B,1. FC Tatran Prešov B,Other,25,2,0,56,0,0,0
Duckens Nazon,Haiti,Haiti,"FW,MF",1. Esteghlal,Esteghlal,Other,32,1,0,24,0,0,0
Frantzdy Pierrot,Haiti,Haiti,FW,1. Rizespor,Rizespor,Other,31,3,2,143,0,0,0
Hannes Delcroix,Haiti,Haiti,DF,1. Lugano,Lugano,Other,27,3,3,270,0,0,0
Jean-Kevin Duverne,Haiti,Haiti,DF,1. Gent,Gent,BelgianPro,28,2,2,169,0,1,1
Jean-Ricner Bellegarde,Haiti,Haiti,MF,1. Wolves,Wolves,EPL,27,3,3,260,0,0,0
Johny Placide,Haiti,Haiti,GK,2. Bastia,Bastia,Other,38,3,3,270,0,0,0
Josué Casimir,Haiti,Haiti,MF,1. Auxerre,Auxerre,Ligue1,24,3,2,182,0,0,0
Lenny Joseph,Haiti,Haiti,FW,1. Ferencváros,Ferencváros,Other,25,3,1,117,0,0,0
Louicius Deedson,Haiti,Haiti,MF,1. FC Dallas,FC Dallas,MLS,25,3,1,112,0,0,0
Martin Expérience,Haiti,Haiti,"DF,MF",2. Nancy,Nancy,Other,27,3,3,270,0,0,0
Ricardo Adé,Haiti,Haiti,DF,1. LDU Quito,LDU Quito,Other,36,3,3,270,0,0,0
Ruben Providence,Haiti,Haiti,MF,2. Almere City,Almere City,Other,24,3,3,220,0,0,0
Wilson Isidor,Haiti,Haiti,FW,1. Sunderland,Sunderland,EPL,25,3,2,186,1,0,1
Yassin Fortuné,Haiti,Haiti,"FW,MF",2. Vizela,Vizela,Other,27,1,0,6,0,0,0
Ali Alipour,IR Iran,IR Iran,FW,1. Persepolis,Persepolis,Other,30,1,0,38,0,0,0
Ali Nemati,IR Iran,IR Iran,DF,1. Foolad,Foolad,Other,30,3,3,270,0,0,0
Alireza Beiranvand,IR Iran,IR Iran,GK,1. Tractor,Tractor,Other,33,3,3,270,0,0,0
Alireza Jahanbakhsh,IR Iran,IR Iran,"FW,MF",1. Dender,Dender,Other,32,2,0,46,0,0,0
Amirhossein Hosseinzadeh,IR Iran,IR Iran,FW,1. Tractor,Tractor,Other,25,2,0,17,0,0,0
Aria Yousefi,IR Iran,IR Iran,MF,1. Sepahan,Sepahan,Other,24,1,1,45,0,0,0
Ehsan Hajsafi,IR Iran,IR Iran,DF,1. Sepahan,Sepahan,Other,36,2,1,91,0,0,0
Hossein Kanaanizadegan,IR Iran,IR Iran,DF,1. Persepolis,Persepolis,Other,32,2,2,135,0,0,0
Mehdi Ghayedi,IR Iran,IR Iran,FW,1. Al-Nasr Dubai,Al-Nasr Dubai,Other,27,1,0,45,0,0,0
Mehdi Taremi,IR Iran,IR Iran,FW,1. Olympiacos,Olympiacos,Other,33,3,3,259,0,0,0
Mehdi Torabi,IR Iran,IR Iran,MF,1. Tractor,Tractor,Other,31,1,0,25,0,0,0
Milad Mohammadi,IR Iran,IR Iran,DF,1. Persepolis,Persepolis,Other,32,3,2,205,0,0,0
Mohammad Ghorbani,IR Iran,IR Iran,MF,1. Al-Wahda FC,Al-Wahda FC,Other,25,1,1,90,0,0,0
Mohammad Mohebi,IR Iran,IR Iran,MF,1. Rostov,Rostov,Other,27,3,3,244,1,0,1
Ramin Rezaeian,IR Iran,IR Iran,"DF,MF",1. Foolad,Foolad,Other,36,3,3,270,2,1,3
Saeid Ezatolahi,IR Iran,IR Iran,MF,1. Al-Ahli Dubai FC,Al-Ahli Dubai FC,Other,29,3,3,264,0,0,0
Saleh Hardani,IR Iran,IR Iran,DF,1. Esteghlal,Esteghlal,Other,27,2,1,90,0,0,0
Saman Ghoddos,IR Iran,IR Iran,MF,1. Al-Ittihad Kalba,Al-Ittihad Kalba,Other,32,3,3,208,0,0,0
Shahriar Moghanlou,IR Iran,IR Iran,FW,1. Al-Ittihad Kalba,Al-Ittihad Kalba,Other,31,3,1,88,0,0,0
Shoja' Khalilzadeh,IR Iran,IR Iran,DF,1. Tractor,Tractor,Other,37,3,3,270,0,0,0
Ahmed Basil,Iraq,Iraq,GK,1. Al-Shorta,Al-Shorta,Other,29,2,2,135,0,0,0
Ahmed Maknzi,Iraq,Iraq,DF,1. Al-Karma,Al-Karma,Other,24,1,0,33,0,0,0
Ahmed Qasem,Iraq,Iraq,"MF,FW",1. Nashville SC,Nashville SC,MLS,22,3,2,123,0,0,0
Aimar Sher,Iraq,Iraq,MF,1. Sarpsborg 08,Sarpsborg 08,Other,23,1,0,23,0,0,0
Akam Hashim,Iraq,Iraq,DF,1. Al-Zawra'a SC,Al-Zawra'a SC,Other,27,3,3,270,0,0,0
Ali Al Hamadi,Iraq,Iraq,FW,2. Ipswich Town,Ipswich Town,EPL,24,3,2,180,0,0,0
Ali Jasim,Iraq,Iraq,MF,1. Al-Najma,Al-Najma,Other,22,2,2,129,0,0,0
Ali Yousif,Iraq,Iraq,FW,1. Al-Talaba,Al-Talaba,Other,30,1,0,33,0,0,0
Amir Al Ammari,Iraq,Iraq,MF,1. Cracovia,Cracovia,Other,28,3,3,247,0,1,1
Ayman Hussein,Iraq,Iraq,FW,1. Al-Karma,Al-Karma,Other,30,2,2,115,1,0,1
Frans Dhia Putros,Iraq,Iraq,DF,1. Persib Bandung,Persib Bandung,Other,32,1,1,90,0,0,0
Hussein Ali,Iraq,Iraq,DF,1. Pogoń Szczecin,Pogoń Szczecin,Other,24,2,2,162,0,0,0
Ibrahim Bayesh,Iraq,Iraq,"MF,FW",1. Al Dhafra SCC,Al Dhafra SCC,Other,26,3,3,235,0,0,0
Jalal Hassan,Iraq,Iraq,GK,1. Al-Zawra'a SC,Al-Zawra'a SC,Other,35,2,1,135,0,0,0
Kevin Yakob,Iraq,Iraq,MF,1. AGF,AGF,Other,25,1,0,24,0,0,0
Manaf Younis,Iraq,Iraq,DF,1. Al-Shorta,Al-Shorta,Other,29,1,0,75,0,0,0
Marko Farji,Iraq,Iraq,MF,2. Venezia,Venezia,Other,22,2,0,54,0,0,0
Merchas Doski,Iraq,Iraq,DF,1. Viktoria Plzeň,Viktoria Plzeň,CzechLiga,26,3,3,270,0,0,0
Mohanad Ali,Iraq,Iraq,FW,1. Dibba Al Fujairah,Dibba Al Fujairah,Other,25,1,0,13,0,0,0
Mustafa Saadoon,Iraq,Iraq,DF,1. Al-Shorta,Al-Shorta,Other,25,1,0,18,0,0,0
Rebin Sulaka,Iraq,Iraq,DF,1. Port FC,Port FC,Other,34,2,1,43,0,0,0
Youssef Amyn,Iraq,Iraq,MF,1. AEK Larnaca,AEK Larnaca,Other,22,1,0,31,0,0,0
Zaid Ismail,Iraq,Iraq,MF,1. Al-Talaba,Al-Talaba,Other,24,2,2,117,0,0,0
Zaid Tahseen,Iraq,Iraq,DF,1. Pakhtakor Tashkent FK,Pakhtakor Tashkent FK,Other,25,2,2,149,0,0,0
Zidane Iqbal,Iraq,Iraq,MF,1. Utrecht,Utrecht,Eredivisie,23,3,2,188,0,0,0
Ao Tanaka,Japan,Japan,MF,1. Leeds United,Leeds United,EPL,27,3,2,193,0,0,0
Ayase Ueda,Japan,Japan,FW,1. Feyenoord,Feyenoord,Eredivisie,27,4,4,321,2,1,3
Ayumu Seko,Japan,Japan,DF,1. Le Havre,Le Havre,Ligue1,26,2,1,86,0,0,0
Daichi Kamada,Japan,Japan,MF,1. Crystal Palace,Crystal Palace,EPL,29,4,4,329,2,0,2
Daizen Maeda,Japan,Japan,MF,1. Celtic,Celtic,ScottishPrem,28,3,3,244,1,0,1
Hiroki Ito,Japan,Japan,DF,1. Bayern Munich,Bayern Munich,Bundesliga,27,4,4,360,0,0,0
Junnosuke Suzuki,Japan,Japan,DF,1. FC Copenhagen,FC Copenhagen,Other,22,2,0,43,0,0,0
Junya Itō,Japan,Japan,MF,1. Genk,Genk,Other,33,4,2,216,1,0,1
Kaishū Sano,Japan,Japan,MF,1. Mainz 05,Mainz 05,Bundesliga,25,3,3,270,1,1,2
Keisuke Gotō,Japan,Japan,FW,1. Sint-Truiden,Sint-Truiden,Other,21,1,0,7,0,0,0
Keito Nakamura,Japan,Japan,MF,2. Reims,Reims,Ligue1,25,4,4,307,1,1,2
Kento Shiogai,Japan,Japan,FW,1. Wolfsburg,Wolfsburg,Bundesliga,21,1,0,7,0,0,0
Ko Itakura,Japan,Japan,DF,1. Ajax,Ajax,Eredivisie,29,2,2,128,0,1,1
Kōki Ogawa,Japan,Japan,FW,1. NEC Nijmegen,NEC Nijmegen,Other,28,3,0,42,0,1,1
Ritsu Doan,Japan,Japan,MF,1. Frankfurt,Frankfurt,Bundesliga,27,4,4,278,0,1,1
Shogo Taniguchi,Japan,Japan,DF,1. Sint-Truiden,Sint-Truiden,Other,34,3,2,232,0,0,0
Shuto Machino,Japan,Japan,FW,1. Gladbach,Gladbach,Bundesliga,26,1,0,13,0,0,0
Takefusa Kubo,Japan,Japan,MF,1. Real Sociedad,Real Sociedad,LaLiga,25,1,1,74,0,1,1
Takehiro Tomiyasu,Japan,Japan,DF,1. Ajax,Ajax,Eredivisie,27,3,2,184,0,0,0
Tsuyoshi Watanabe,Japan,Japan,DF,1. Feyenoord,Feyenoord,Eredivisie,29,2,1,90,0,0,0
Yuito Suzuki,Japan,Japan,"FW,MF",1. Freiburg,Freiburg,Bundesliga,24,1,0,12,0,0,0
Yukinari Sugawara,Japan,Japan,MF,1. Werder Bremen,Werder Bremen,Bundesliga,25,4,1,148,0,0,0
Yūto Nagatomo,Japan,Japan,"DF,MF",1. FC Tokyo,FC Tokyo,Other,39,1,0,16,0,0,0
Zion Suzuki,Japan,Japan,GK,1. Parma,Parma,SerieA,23,4,4,360,0,0,0
Abdallah Nasib,Jordan,Jordan,DF,1. Al-Zawra'a SC,Al-Zawra'a SC,Other,32,3,3,260,0,0,0
Ali Azaizeh,Jordan,Jordan,MF,1. Al-Shabab,Al-Shabab,SaudiPro,22,3,1,54,0,0,0
Ali Olwan,Jordan,Jordan,MF,1. Al-Sailiya SC,Al-Sailiya SC,Other,26,3,3,268,1,0,1
Amer Jamous,Jordan,Jordan,MF,1. Al-Zawra'a SC,Al-Zawra'a SC,Other,23,1,0,15,0,0,0
Husam Abu Dahab,Jordan,Jordan,DF,1. Al-Salmiya SC,Al-Salmiya SC,Other,26,2,2,178,0,0,0
Ihsan Haddad,Jordan,Jordan,DF,1. Al-Hussein SC,Al-Hussein SC,Other,32,3,3,260,0,1,1
Mahmoud Al-Mardi,Jordan,Jordan,MF,1. Al-Hussein SC,Al-Hussein SC,Other,32,3,1,130,0,0,0
Mo Abualnadi,Jordan,Jordan,DF,1. Selangor FA,Selangor FA,Other,25,1,1,71,0,0,0
Mohammad Abu Hasheesh,Jordan,Jordan,DF,1. Al-Karma,Al-Karma,Other,31,1,0,6,0,0,0
Mohammad Al-Dawud,Jordan,Jordan,"FW,MF",1. Al-Wehdat SC,Al-Wehdat SC,Other,34,1,0,3,0,0,0
Mohannad Abu Taha,Jordan,Jordan,DF,1. Al-Quwa Al-Jawiya,Al-Quwa Al-Jawiya,Other,23,3,3,264,0,0,0
Musa Al-Taamari,Jordan,Jordan,FW,1. Rennes,Rennes,Ligue1,29,3,2,215,1,1,2
Nizar Al Rashdan,Jordan,Jordan,MF,1. Qatar SC,Qatar SC,Other,27,3,3,255,1,0,1
Noor Al Rawabdeh,Jordan,Jordan,MF,1. Selangor FA,Selangor FA,Other,29,3,3,270,0,1,1
Odeh Al-Fakhouri,Jordan,Jordan,"MF,FW",1. Pyramids FC,Pyramids FC,EgyptPL,20,3,2,148,0,0,0
Saed Al-Rosan,Jordan,Jordan,DF,1. Al-Hussein SC,Al-Hussein SC,Other,29,1,0,10,0,0,0
Salim Obaid,Jordan,Jordan,DF,1. Al-Hussein SC,Al-Hussein SC,Other,34,3,0,21,0,0,0
Sharara,Jordan,Jordan,FW,1. Raja Casablanca,Raja Casablanca,Other,28,2,0,2,0,0,0
Yazan Al-Arab,Jordan,Jordan,DF,1. FC Seoul,FC Seoul,Other,30,3,3,270,0,0,0
Yazeed Abulaila,Jordan,Jordan,GK,1. Al-Hussein SC,Al-Hussein SC,Other,33,3,3,270,0,0,0
Cho Gue-sung,Korea Republic,Korea Republic,FW,1. Midtjylland,Midtjylland,Other,28,2,0,31,0,0,0
Eom Ji-sung,Korea Republic,Korea Republic,MF,2. Swansea City,Swansea City,EPL,24,2,0,42,0,0,0
Hwang Hee-chan,Korea Republic,Korea Republic,FW,1. Wolves,Wolves,EPL,30,3,1,108,0,0,0
Hwang In-beom,Korea Republic,Korea Republic,MF,1. Feyenoord,Feyenoord,Eredivisie,29,3,3,263,1,1,2
Jens Castrop,Korea Republic,Korea Republic,MF,1. Gladbach,Gladbach,Bundesliga,22,1,0,45,0,0,0
Kim Jin-gyu,Korea Republic,Korea Republic,MF,1. Jeonbuk,Jeonbuk,Other,29,2,0,52,0,0,0
Kim Min-jae,Korea Republic,Korea Republic,DF,1. Bayern Munich,Bayern Munich,Bundesliga,29,3,3,245,0,0,0
Kim Moon-hwan,Korea Republic,Korea Republic,MF,1. Daejeon Hana,Daejeon Hana,Other,30,1,1,70,0,0,0
Kim Seung-gyu,Korea Republic,Korea Republic,GK,1. FC Tokyo,FC Tokyo,Other,35,3,3,270,0,0,0
Lee Gi-hyuk,Korea Republic,Korea Republic,DF,1. Gangwon FC,Gangwon FC,Other,25,3,3,270,0,0,0
Lee Han-beom,Korea Republic,Korea Republic,DF,1. Midtjylland,Midtjylland,Other,23,3,3,270,0,0,0
Lee Jae-sung,Korea Republic,Korea Republic,FW,1. Mainz 05,Mainz 05,Bundesliga,33,2,2,117,0,0,0
Lee Kang-in,Korea Republic,Korea Republic,FW,1. PSG,PSG,Ligue1,25,3,3,270,0,1,1
Lee Tae-seok,Korea Republic,Korea Republic,MF,1. Austria Wien,Austria Wien,Other,23,2,2,113,0,0,0
Oh Hyeon-gyu,Korea Republic,Korea Republic,FW,1. Beşiktaş,Beşiktaş,SuperLig,25,3,1,129,1,0,1
Paik Seung-ho,Korea Republic,Korea Republic,MF,2. Birmingham City,Birmingham City,EPL,29,3,3,204,0,0,0
Park Jinseob,Korea Republic,Korea Republic,"DF,MF",1. Zhejiang,Zhejiang,Other,30,2,0,32,0,0,0
Seol Young-woo,Korea Republic,Korea Republic,MF,1. Red Star,Red Star,Other,27,3,3,250,0,0,0
Son Heung-min,Korea Republic,Korea Republic,FW,1. LAFC,LAFC,MLS,33,3,2,169,0,0,0
Yang Hyun-jun,Korea Republic,Korea Republic,"FW,MF",1. Celtic,Celtic,ScottishPrem,24,1,0,20,0,0,0
Alexis Vega,Mexico,Mexico,"FW,MF",1. Toluca,Toluca,LigaMX,28,1,0,12,0,0,0
Armando González,Mexico,Mexico,FW,1. Guadalajara,Guadalajara,LigaMX,23,1,0,15,0,0,0
Brian Gutiérrez,Mexico,Mexico,MF,1. Guadalajara,Guadalajara,LigaMX,22,4,2,198,0,0,0
César Huerta,Mexico,Mexico,"FW,MF",1. Anderlecht,Anderlecht,BelgianPro,25,1,0,7,0,0,0
César Montes,Mexico,Mexico,DF,1. Loko Moscow,Loko Moscow,Other,29,4,4,314,0,0,0
Edson Álvarez,Mexico,Mexico,"MF,DF",1. West Ham,West Ham,EPL,28,4,2,240,0,0,0
Erik Lira,Mexico,Mexico,MF,1. Cruz Azul,Cruz Azul,LigaMX,26,4,4,345,0,1,1
Gilberto Mora,Mexico,Mexico,MF,1. Tijuana,Tijuana,Other,17,4,3,213,0,0,0
Guillermo Martínez Ayala,Mexico,Mexico,FW,1. UNAM,UNAM,LigaMX,31,2,1,72,0,0,0
Guillermo Ochoa,Mexico,Mexico,GK,1. AEL Limassol,AEL Limassol,Other,40,1,0,13,0,0,0
Israel Reyes,Mexico,Mexico,DF,1. América,América,LigaMX,26,4,2,202,0,0,0
Jesús Gallardo,Mexico,Mexico,DF,1. Toluca,Toluca,LigaMX,31,5,4,373,0,0,0
Johan Vásquez,Mexico,Mexico,DF,1. Genoa,Genoa,SerieA,27,4,4,360,0,0,0
Jorge Sánchez,Mexico,Mexico,DF,1. PAOK,PAOK,Other,28,4,4,348,0,1,1
Julián Quiñones,Mexico,Mexico,"FW,MF",1. Al-Qadsiah,Al-Qadsiah,SaudiPro,29,5,5,410,4,1,5
Luis Chávez,Mexico,Mexico,MF,1. Dynamo Moskva,Dynamo Moskva,Other,30,1,0,25,0,0,0
Luis Romo,Mexico,Mexico,MF,1. Guadalajara,Guadalajara,LigaMX,31,4,4,264,1,1,2
Mateo Chávez,Mexico,Mexico,DF,1. AZ Alkmaar,AZ Alkmaar,Eredivisie,22,1,1,77,1,0,1
Obed Vargas,Mexico,Mexico,MF,1. Atlético Madrid,Atlético Madrid,LaLiga,20,3,0,66,0,0,0
Orbelín Pineda,Mexico,Mexico,"FW,MF",1. AEK Athens,AEK Athens,Other,30,2,0,31,0,0,0
Raúl Jiménez,Mexico,Mexico,FW,1. Fulham,Fulham,EPL,35,4,4,317,3,0,3
Raúl Rangel,Mexico,Mexico,GK,1. Guadalajara,Guadalajara,LigaMX,26,5,5,437,0,0,0
Roberto Alvarado,Mexico,Mexico,"FW,MF",1. Guadalajara,Guadalajara,LigaMX,27,5,5,428,0,3,3
Santiago Giménez,Mexico,Mexico,FW,1. Milan,Milan,SerieA,25,4,0,86,0,0,0
Álvaro Fidalgo,Mexico,Mexico,MF,1. Real Betis,Real Betis,LaLiga,29,3,1,96,1,0,1
Achraf Hakimi,Morocco,Morocco,DF,1. PSG,PSG,Ligue1,27,6,6,570,1,2,3
Amine Sbai,Morocco,Morocco,"FW,MF",1. Angers,Angers,Ligue1,25,1,0,6,0,0,0
Anass Salah-Eddine,Morocco,Morocco,DF,1. PSV,PSV,Eredivisie,24,4,2,212,0,0,0
Ayoub El Kaabi,Morocco,Morocco,FW,1. Olympiacos,Olympiacos,Other,32,1,1,69,0,0,0
Ayoube Amaimouni,Morocco,Morocco,MF,1. Frankfurt,Frankfurt,Bundesliga,21,2,0,18,0,0,0
Ayyoub Bouaddi,Morocco,Morocco,MF,1. Lille,Lille,Ligue1,18,5,5,381,0,0,0
Azzedine Ounahi,Morocco,Morocco,MF,1. Girona,Girona,LaLiga,26,6,5,435,2,0,2
Bilal El Khannouss,Morocco,Morocco,"MF,FW",1. Stuttgart,Stuttgart,Bundesliga,22,6,6,461,0,0,0
Brahim Díaz,Morocco,Morocco,MF,1. Real Madrid,Real Madrid,LaLiga,26,6,6,457,0,4,4
Chadi Riad,Morocco,Morocco,DF,1. Crystal Palace,Crystal Palace,EPL,22,4,4,344,0,1,1
Chemsdine Talbi,Morocco,Morocco,MF,1. Sunderland,Sunderland,EPL,21,5,1,179,0,1,1
Gessime Yassine,Morocco,Morocco,MF,1. Strasbourg,Strasbourg,Ligue1,20,3,0,80,1,0,1
Ismael Saibari,Morocco,Morocco,FW,1. PSV,PSV,Eredivisie,25,5,5,381,3,0,3
Issa Diop,Morocco,Morocco,DF,1. Fulham,Fulham,EPL,29,5,5,476,1,0,1
Marwane Saâdane,Morocco,Morocco,"DF,MF",1. Al-Fateh,Al-Fateh,SaudiPro,34,1,0,4,0,0,0
Neil El Aynaoui,Morocco,Morocco,MF,1. Roma,Roma,SerieA,24,6,6,562,0,0,0
Noussair Mazraoui,Morocco,Morocco,DF,1. Manchester Utd,Manchester Utd,EPL,28,6,5,477,0,0,0
Redouane Halhal,Morocco,Morocco,DF,1. Mechelen,Mechelen,Other,23,2,2,180,0,0,0
Samir El Mourabet,Morocco,Morocco,MF,1. Strasbourg,Strasbourg,Ligue1,20,5,0,81,0,0,0
Sofyan Amrabat,Morocco,Morocco,MF,1. Real Betis,Real Betis,LaLiga,29,3,1,147,0,0,0
Soufiane Rahimi,Morocco,Morocco,FW,1. Al Ain,Al Ain,Other,30,6,0,163,2,1,3
Yassine Bounou,Morocco,Morocco,GK,1. Al-Hilal,Al-Hilal,SaudiPro,35,6,6,570,0,0,0
Zakaria El Ouahdi,Morocco,Morocco,"DF,MF",1. Genk,Genk,Other,24,1,0,17,0,0,0
Bart Verbruggen,Netherlands,Netherlands,GK,1. Brighton,Brighton,EPL,23,4,4,390,0,0,0
Brian Brobbey,Netherlands,Netherlands,FW,1. Sunderland,Sunderland,EPL,24,4,3,223,3,0,3
Cody Gakpo,Netherlands,Netherlands,FW,1. Liverpool,Liverpool,EPL,27,4,4,368,3,1,4
Crysencio Summerville,Netherlands,Netherlands,FW,1. West Ham,West Ham,EPL,24,4,2,253,2,2,4
Denzel Dumfries,Netherlands,Netherlands,"DF,MF",1. Inter,Inter,SerieA,30,4,4,390,0,2,2
Donyell Malen,Netherlands,Netherlands,FW,1. Roma,Roma,SerieA,27,3,3,185,0,0,0
Frenkie de Jong,Netherlands,Netherlands,MF,1. Barcelona,Barcelona,LaLiga,29,4,4,328,0,0,0
Guus Til,Netherlands,Netherlands,"FW,MF",1. PSV,PSV,Eredivisie,28,1,0,32,0,0,0
Jan Paul van Hecke,Netherlands,Netherlands,DF,1. Brighton,Brighton,EPL,26,4,4,390,1,0,1
Jorrel Hato,Netherlands,Netherlands,DF,1. Chelsea,Chelsea,EPL,20,1,0,35,0,0,0
Justin Kluivert,Netherlands,Netherlands,"FW,MF",1. Bournemouth,Bournemouth,EPL,27,2,0,27,0,0,0
Marten de Roon,Netherlands,Netherlands,"DF,MF",1. Atalanta,Atalanta,SerieA,35,1,0,11,0,0,0
Memphis,Netherlands,Netherlands,"FW,MF",1. Corinthians,Corinthians,Brasileirao,32,3,0,54,0,1,1
Micky van de Ven,Netherlands,Netherlands,"DF,MF",1. Tottenham,Tottenham,EPL,25,3,3,265,0,0,0
Nathan Aké,Netherlands,Netherlands,DF,1. Manchester City,Manchester City,EPL,31,3,2,170,0,0,0
Noa Lang,Netherlands,Netherlands,"FW,MF",1. Galatasaray,Galatasaray,SuperLig,26,2,0,8,0,0,0
Quinten Timber,Netherlands,Netherlands,MF,1. Marseille,Marseille,Ligue1,24,2,0,55,0,0,0
Ryan Gravenberch,Netherlands,Netherlands,MF,1. Liverpool,Liverpool,EPL,24,4,4,345,0,2,2
Teun Koopmeiners,Netherlands,Netherlands,"DF,MF",1. Juventus,Juventus,SerieA,28,4,0,122,0,0,0
Tijjani Reijnders,Netherlands,Netherlands,MF,1. Manchester City,Manchester City,EPL,27,3,3,199,0,1,1
Virgil van Dijk,Netherlands,Netherlands,DF,1. Liverpool,Liverpool,EPL,34,4,4,390,1,1,2
Wout Weghorst,Netherlands,Netherlands,FW,1. Ajax,Ajax,Eredivisie,33,1,0,50,0,0,0
Ben Old,New Zealand,New Zealand,MF,2. Saint-Étienne,Saint-Étienne,Ligue1,23,3,0,93,0,0,0
Callan Elliot,New Zealand,New Zealand,DF,1. Auckland FC,Auckland FC,Other,26,1,0,13,0,0,0
Callum McCowatt,New Zealand,New Zealand,MF,1. Silkeborg,Silkeborg,Other,27,3,2,159,0,0,0
Chris Wood,New Zealand,New Zealand,FW,1. Nottingham,Nottingham,EPL,34,3,3,270,0,2,2
Elijah Just,New Zealand,New Zealand,MF,1. Motherwell,Motherwell,Other,26,3,3,264,3,0,3
Finn Surman,New Zealand,New Zealand,DF,1. Portland Timbers,Portland Timbers,MLS,22,3,3,270,1,0,1
Francis de Vries,New Zealand,New Zealand,DF,1. Auckland FC,Auckland FC,Other,31,2,0,18,0,0,0
Jesse Randall,New Zealand,New Zealand,MF,1. Auckland FC,Auckland FC,Other,23,3,0,61,0,0,0
Joe Bell,New Zealand,New Zealand,MF,1. Viking,Viking,Other,27,3,3,243,0,0,0
Liberato Cacace,New Zealand,New Zealand,DF,2. Wrexham,Wrexham,Other,25,3,3,220,0,0,0
Marko Stamenic,New Zealand,New Zealand,MF,2. Swansea City,Swansea City,EPL,24,3,3,269,0,0,0
Max Crocombe,New Zealand,New Zealand,GK,2. Millwall,Millwall,Other,32,3,3,270,0,0,0
Michael Boxall,New Zealand,New Zealand,DF,1. Minnesota Utd,Minnesota Utd,MLS,37,3,2,207,0,0,0
Ryan Thomas,New Zealand,New Zealand,MF,1. Zwolle,Zwolle,Eredivisie,31,3,1,83,0,0,0
Sarpreet Singh,New Zealand,New Zealand,MF,1. Wellington,Wellington,Other,27,3,3,209,0,0,0
Tim Payne,New Zealand,New Zealand,DF,1. Wellington,Wellington,Other,32,3,3,224,0,1,1
Tyler Bindon,New Zealand,New Zealand,DF,2. Sheffield United,Sheffield United,EPL,21,3,1,97,0,0,0
Alexander Sørloth,Norway,Norway,FW,1. Atlético Madrid,Atlético Madrid,LaLiga,30,5,5,337,0,0,0
Andreas Schjelderup,Norway,Norway,FW,1. Benfica,Benfica,PrimeiraLiga,22,6,2,252,1,3,4
Antonio Nusa,Norway,Norway,FW,1. RB Leipzig,RB Leipzig,Bundesliga,21,6,4,318,1,0,1
David Møller Wolfe,Norway,Norway,DF,1. Wolves,Wolves,EPL,24,5,5,430,0,1,1
Egil Selvik,Norway,Norway,GK,2. Watford,Watford,EPL,28,1,1,90,0,0,0
Erling Haaland,Norway,Norway,FW,1. Manchester City,Manchester City,EPL,25,5,5,465,7,0,7
Fredrik André Bjørkan,Norway,Norway,DF,1. Bodø/Glimt,Bodø/Glimt,Other,27,1,1,45,0,0,0
Fredrik Aursnes,Norway,Norway,"MF,DF",1. Benfica,Benfica,PrimeiraLiga,30,6,3,304,0,0,0
Henrik Falchener,Norway,Norway,DF,1. Viking,Viking,Other,23,1,1,65,0,0,0
Jens Petter Hauge,Norway,Norway,"DF,FW",1. Bodø/Glimt,Bodø/Glimt,Other,26,1,0,8,0,0,0
Julian Ryerson,Norway,Norway,DF,1. Dortmund,Dortmund,Bundesliga,28,4,4,223,0,0,0
Jørgen Strand Larsen,Norway,Norway,FW,1. Crystal Palace,Crystal Palace,EPL,26,2,1,105,0,0,0
Kristian Thorstvedt,Norway,Norway,MF,1. Sassuolo,Sassuolo,SerieA,27,2,1,63,0,0,0
Kristoffer Ajer,Norway,Norway,DF,1. Brentford,Brentford,EPL,28,5,5,480,0,0,0
Leo Østigård,Norway,Norway,DF,1. Genoa,Genoa,SerieA,26,5,1,146,1,0,1
Marcus Pedersen,Norway,Norway,DF,1. Torino,Torino,SerieA,25,4,1,236,1,0,1
Martin Ødegaard,Norway,Norway,MF,1. Arsenal,Arsenal,EPL,27,5,5,470,0,4,4
Morten Thorsby,Norway,Norway,MF,1. Cremonese,Cremonese,Other,30,1,0,45,0,0,0
Oscar Bobb,Norway,Norway,FW,1. Fulham,Fulham,EPL,22,6,1,225,0,0,0
Patrick Berg,Norway,Norway,MF,1. Bodø/Glimt,Bodø/Glimt,Other,28,6,4,445,0,2,2
Sander Berge,Norway,Norway,MF,1. Fulham,Fulham,EPL,28,5,5,480,0,0,0
Sondre Langås,Norway,Norway,DF,2. Derby County,Derby County,EPL,25,1,0,25,0,0,0
Thelo Aasgaard,Norway,Norway,MF,1. Rangers,Rangers,ScottishPrem,24,1,1,90,1,0,1
Torbjørn Heggem,Norway,Norway,DF,1. Bologna,Bologna,SerieA,27,5,5,443,0,0,0
Ørjan Nyland,Norway,Norway,GK,1. Sevilla,Sevilla,LaLiga,35,5,5,480,0,0,0
Alberto Quintero,Panama,Panama,"FW,MF",1. Plaza Amador,Plaza Amador,Other,38,1,0,3,0,0,0
Andrés Andrade Cedeño,Panama,Panama,DF,1. LASK,LASK,Other,27,3,3,270,0,0,0
Aníbal Godoy,Panama,Panama,MF,1. San Diego FC,San Diego FC,Other,36,1,0,1,0,0,0
Azarías Londoño,Panama,Panama,MF,1. Univ Católica,Univ Católica,Other,24,3,0,56,0,0,0
Carlos Harvey,Panama,Panama,MF,1. Minnesota Utd,Minnesota Utd,MLS,26,3,3,267,0,0,0
Cecilio Waterman,Panama,Panama,FW,1. U Concepción,U Concepción,Other,35,2,1,76,0,0,0
Cristian Martínez,Panama,Panama,"MF,FW",1. Kiryat Shmona,Kiryat Shmona,Other,29,3,3,242,0,0,0
César Blackman,Panama,Panama,"MF,DF",1. Slovan Bratislava,Slovan Bratislava,Other,28,2,2,178,0,0,0
Erick Davis,Panama,Panama,DF,1. Plaza Amador,Plaza Amador,Other,35,2,0,4,0,0,0
Fidel Escobar,Panama,Panama,DF,1. Saprissa,Saprissa,Other,31,1,1,90,0,0,0
Ismael Díaz,Panama,Panama,"FW,MF",1. León,León,Other,29,2,0,37,0,0,0
Jiovany Ramos,Panama,Panama,DF,1. Puerto Cabello,Puerto Cabello,Other,29,2,2,166,0,0,0
Jorge Gutiérrez,Panama,Panama,DF,1. Dep. La Guaira,Dep. La Guaira,Other,27,1,1,87,0,0,0
José Córdoba,Panama,Panama,DF,2. Norwich City,Norwich City,EPL,25,3,3,270,0,0,0
José Fajardo,Panama,Panama,FW,1. Univ Católica,Univ Católica,Other,32,3,1,155,0,0,0
José Luis Rodríguez,Panama,Panama,"MF,FW",1. FC Juárez,FC Juárez,Other,27,3,3,233,0,0,0
Michael Amir Murillo,Panama,Panama,"DF,MF",1. Beşiktaş,Beşiktaş,SuperLig,30,3,3,270,0,0,0
Orlando Mosquera,Panama,Panama,GK,1. Al-Fayha,Al-Fayha,Other,31,3,3,270,0,0,0
Tomás Rodríguez,Panama,Panama,FW,1. Saprissa,Saprissa,Other,27,2,1,46,0,0,0
Yoel Bárcenas,Panama,Panama,MF,1. Mazatlán,Mazatlán,Other,32,3,3,249,0,0,0
Alexandro Maidana,Paraguay,Paraguay,DF,1. Talleres–C,Talleres–C,Other,20,2,1,55,0,0,0
Andrés Cubas,Paraguay,Paraguay,MF,1. Vancouver,Vancouver,MLS,30,5,5,480,0,0,0
Antonio Sanabria,Paraguay,Paraguay,FW,1. Cremonese,Cremonese,Other,30,2,1,83,0,0,0
Braian Ojeda,Paraguay,Paraguay,MF,1. Orlando City,Orlando City,MLS,25,1,0,22,0,0,0
Damián Bobadilla,Paraguay,Paraguay,MF,1. São Paulo,São Paulo,Brasileirao,24,4,2,189,0,0,0
Diego Gómez,Paraguay,Paraguay,MF,1. Brighton,Brighton,EPL,23,4,4,304,0,0,0
Fabián Balbuena,Paraguay,Paraguay,DF,1. Grêmio,Grêmio,Brasileirao,34,1,0,1,0,0,0
Gabriel Ávalos,Paraguay,Paraguay,FW,1. Independiente,Independiente,ArgPrimera,35,4,2,141,0,0,0
Gustavo Caballero,Paraguay,Paraguay,"FW,MF",2. Portsmouth,Portsmouth,EPL,24,2,0,96,0,0,0
Gustavo Gómez,Paraguay,Paraguay,DF,1. Palmeiras,Palmeiras,Brasileirao,33,5,5,480,0,0,0
Gustavo Velásquez,Paraguay,Paraguay,DF,1. Cerro Porteño,Cerro Porteño,Other,35,5,2,246,0,0,0
Isidro Pitta,Paraguay,Paraguay,FW,1. RB Bragantino,RB Bragantino,Other,26,1,1,45,0,0,0
José Canale,Paraguay,Paraguay,DF,1. Lanús,Lanús,Other,29,4,1,161,0,0,0
Juan Cáceres,Paraguay,Paraguay,DF,1. Dynamo Moskva,Dynamo Moskva,Other,26,5,5,436,0,0,0
Julio Enciso,Paraguay,Paraguay,FW,1. Strasbourg,Strasbourg,Ligue1,22,5,5,386,1,2,3
Júnior Alonso,Paraguay,Paraguay,DF,1. Atlético Mineiro,Atlético Mineiro,Brasileirao,33,5,4,390,0,0,0
Kaku,Paraguay,Paraguay,MF,1. Al Ain,Al Ain,Other,31,1,0,11,0,0,0
Matías Galarza,Paraguay,Paraguay,MF,1. Atlanta Utd,Atlanta Utd,MLS,24,4,4,388,1,1,2
Mauricio,Paraguay,Paraguay,MF,1. Palmeiras,Palmeiras,Brasileirao,25,4,0,173,1,0,1
Miguel Almirón,Paraguay,Paraguay,"MF,FW",1. Atlanta Utd,Atlanta Utd,MLS,32,4,4,282,0,0,0
Omar Alderete,Paraguay,Paraguay,DF,1. Sunderland,Sunderland,EPL,29,4,4,320,0,0,0
Orlando Gill,Paraguay,Paraguay,GK,1. San Lorenzo,San Lorenzo,ArgPrimera,26,5,5,480,0,0,0
Ramón Sosa,Paraguay,Paraguay,"FW,MF",1. Palmeiras,Palmeiras,Brasileirao,26,1,0,12,0,0,0
Álex Arce,Paraguay,Paraguay,FW,1. Ind. Rivadavia,Ind. Rivadavia,Other,30,2,0,53,0,0,0
Bernardo Silva,Portugal,Portugal,MF,1. Manchester City,Manchester City,EPL,31,4,1,97,0,0,0
Bruno Fernandes,Portugal,Portugal,MF,1. Manchester Utd,Manchester Utd,EPL,31,5,5,422,0,1,1
Cristiano Ronaldo,Portugal,Portugal,FW,1. Al-Nassr,Al-Nassr,SaudiPro,41,5,5,440,3,0,3
Diogo Costa,Portugal,Portugal,GK,1. Porto,Porto,PrimeiraLiga,26,5,5,450,0,0,0
Diogo Dalot,Portugal,Portugal,"DF,MF",1. Manchester Utd,Manchester Utd,EPL,27,2,0,65,0,0,0
Francisco Conceição,Portugal,Portugal,MF,1. Juventus,Juventus,SerieA,23,4,0,126,0,0,0
Francisco Trincão,Portugal,Portugal,"FW,MF",1. Sporting CP,Sporting CP,PrimeiraLiga,26,1,0,28,0,0,0
Gonçalo Ramos,Portugal,Portugal,FW,1. PSG,PSG,Ligue1,24,2,0,36,1,0,1
João Cancelo,Portugal,Portugal,DF,1. Barcelona,Barcelona,LaLiga,32,5,5,312,0,1,1
João Félix,Portugal,Portugal,MF,1. Al-Nassr,Al-Nassr,SaudiPro,26,3,3,201,0,0,0
João Neves,Portugal,Portugal,MF,1. PSG,PSG,Ligue1,21,5,4,390,1,0,1
Matheus Nunes,Portugal,Portugal,"DF,MF",1. Manchester City,Manchester City,EPL,27,1,0,1,0,0,0
Nuno Mendes,Portugal,Portugal,DF,1. PSG,PSG,Ligue1,23,5,5,395,1,0,1
Nélson Semedo,Portugal,Portugal,"DF,MF",1. Fenerbahçe,Fenerbahçe,SuperLig,32,4,0,127,0,0,0
Pedro Neto,Portugal,Portugal,MF,1. Chelsea,Chelsea,EPL,26,5,5,350,0,1,1
Rafael Leão,Portugal,Portugal,MF,1. Milan,Milan,SerieA,27,5,1,158,1,1,2
Renato Veiga,Portugal,Portugal,DF,1. Villarreal,Villarreal,LaLiga,22,5,5,450,0,0,0
Rúben Dias,Portugal,Portugal,DF,1. Manchester City,Manchester City,EPL,29,4,4,360,0,0,0
Rúben Neves,Portugal,Portugal,MF,1. Al-Hilal,Al-Hilal,SaudiPro,29,2,1,55,0,0,0
Samu Costa,Portugal,Portugal,MF,1. Mallorca,Mallorca,LaLiga,25,1,0,21,0,0,0
Tomás Araújo,Portugal,Portugal,DF,1. Benfica,Benfica,PrimeiraLiga,24,1,1,90,0,0,0
Vitinha,Portugal,Portugal,MF,1. PSG,PSG,Ligue1,26,5,5,376,0,0,0
Abdulaziz Hatem,Qatar,Qatar,MF,1. Al Rayyan SC,Al Rayyan SC,Other,36,1,0,45,0,0,0
Ahmed Al-Ganehi,Qatar,Qatar,FW,1. Al-Gharafa Sports Club,Al-Gharafa Sports Club,Other,25,1,0,36,0,0,0
Ahmed Alaaeldin,Qatar,Qatar,FW,1. Al Rayyan SC,Al Rayyan SC,Other,33,2,0,43,0,0,0
Ahmed Fathy,Qatar,Qatar,MF,1. Al-Arabi,Al-Arabi,Other,33,3,1,150,0,0,0
Akram Afif,Qatar,Qatar,"FW,MF",1. Al Sadd,Al Sadd,Other,29,3,3,238,0,0,0
Al-Hashmi Al-Hussain,Qatar,Qatar,MF,1. Al-Arabi,Al-Arabi,Other,22,1,0,32,0,0,0
Almoez Ali,Qatar,Qatar,FW,1. Al Duhail SC,Al Duhail SC,Other,29,1,0,19,0,0,0
Assim Madibo,Qatar,Qatar,MF,1. Al-Wakrah,Al-Wakrah,Other,29,2,2,131,0,0,0
Ayoub Al-Oui,Qatar,Qatar,DF,1. Al-Gharafa Sports Club,Al-Gharafa Sports Club,Other,21,2,2,149,0,0,0
Boualem Khoukhi,Qatar,Qatar,DF,1. Al Sadd,Al Sadd,Other,35,3,3,270,1,0,1
Edmilson Junior,Qatar,Qatar,"MF,FW",1. Al Duhail SC,Al Duhail SC,Other,31,3,3,210,0,1,1
Hassan Al-Haydos,Qatar,Qatar,MF,1. Al Sadd,Al Sadd,Other,35,2,1,57,1,0,1
Homam Ahmed,Qatar,Qatar,DF,2. Cultural Leonesa,Cultural Leonesa,Other,26,2,2,122,0,1,1
Issa Laye,Qatar,Qatar,"MF,DF",1. Al-Arabi,Al-Arabi,Other,28,3,3,270,0,0,0
Jassem Gaber,Qatar,Qatar,MF,1. Al Rayyan SC,Al Rayyan SC,Other,24,3,3,149,0,0,0
Karim Boudiaf,Qatar,Qatar,MF,1. Al Duhail SC,Al Duhail SC,Other,35,2,1,102,0,0,0
Lucas Mendes,Qatar,Qatar,DF,1. Al-Wakrah,Al-Wakrah,Other,35,1,0,4,0,0,0
Mahmoud Abunada,Qatar,Qatar,GK,1. Al Rayyan SC,Al Rayyan SC,Other,26,3,3,270,0,0,0
Mohamed Manai,Qatar,Qatar,DF,1. Al-Shamal Sports Club,Al-Shamal Sports Club,Other,23,3,0,69,0,0,0
Ró-Ró,Qatar,Qatar,DF,1. Al Sadd,Al Sadd,Other,35,3,3,270,0,0,0
Sultan Al-Brake,Qatar,Qatar,DF,1. Al Duhail SC,Al Duhail SC,Other,30,2,1,141,0,0,0
Yusuf Abdurisag,Qatar,Qatar,FW,1. Al-Wakrah,Al-Wakrah,Other,26,2,2,98,0,0,0
Abdulelah Al-Amri,Saudi Arabia,Saudi Arabia,DF,,<NA>,Other,29,3,3,239,1,0,1
Abdullah Al-Hamdan,Saudi Arabia,Saudi Arabia,FW,1. Al-Nassr,Al-Nassr,SaudiPro,26,3,0,71,0,0,0
Abdullah Al-Khaibari,Saudi Arabia,Saudi Arabia,MF,1. Al-Nassr,Al-Nassr,SaudiPro,29,3,3,180,0,0,0
Alaa Al Hejji,Saudi Arabia,Saudi Arabia,MF,1. Neom,Neom,Other,30,2,0,32,0,0,0
Ali Lajami,Saudi Arabia,Saudi Arabia,DF,1. Al-Hilal,Al-Hilal,SaudiPro,30,3,1,149,0,0,0
Firas Al-Buraikan,Saudi Arabia,Saudi Arabia,FW,1. Al-Ahli,Al-Ahli,SaudiPro,26,3,3,238,0,0,0
Hassan Al Tambakti,Saudi Arabia,Saudi Arabia,DF,1. Al-Hilal,Al-Hilal,SaudiPro,27,3,3,212,0,0,0
Khalid Al Ghannam,Saudi Arabia,Saudi Arabia,MF,1. Al-Ettifaq,Al-Ettifaq,Other,25,1,0,1,0,0,0
Mohamed Kanno,Saudi Arabia,Saudi Arabia,MF,1. Al-Hilal,Al-Hilal,SaudiPro,31,3,2,225,0,0,0
Mohammed Abu Al-Shamat,Saudi Arabia,Saudi Arabia,MF,1. Al-Qadsiah,Al-Qadsiah,SaudiPro,23,3,1,136,0,0,0
Mohammed Al-Owais,Saudi Arabia,Saudi Arabia,GK,1. Al-Ula,Al-Ula,Other,34,3,3,270,0,0,0
Moteb Al-Harbi,Saudi Arabia,Saudi Arabia,DF,1. Al-Hilal,Al-Hilal,SaudiPro,26,3,2,188,0,0,0
Musab Al Juwayr,Saudi Arabia,Saudi Arabia,"MF,FW",1. Al-Qadsiah,Al-Qadsiah,SaudiPro,22,3,2,152,0,0,0
Nasser Al-Dawsari,Saudi Arabia,Saudi Arabia,MF,1. Al-Hilal,Al-Hilal,SaudiPro,27,3,2,207,0,0,0
Nawaf Boushal,Saudi Arabia,Saudi Arabia,DF,1. Al-Nassr,Al-Nassr,SaudiPro,26,2,1,91,0,0,0
Salem Al-Dawsari,Saudi Arabia,Saudi Arabia,MF,1. Al-Hilal,Al-Hilal,SaudiPro,34,3,3,245,0,0,0
Saud Abdulhamid,Saudi Arabia,Saudi Arabia,DF,1. Lens,Lens,Ligue1,26,3,3,269,0,0,0
Sultan Mendash,Saudi Arabia,Saudi Arabia,MF,1. Al-Hilal,Al-Hilal,SaudiPro,31,1,1,65,0,0,0
Aaron Hickey,Scotland,Scotland,DF,1. Brentford,Brentford,EPL,24,1,1,74,0,0,0
Andy Robertson,Scotland,Scotland,DF,1. Liverpool,Liverpool,EPL,32,3,3,225,0,0,0
Angus Gunn,Scotland,Scotland,GK,1. Nottingham,Nottingham,EPL,30,3,3,270,0,0,0
Anthony Ralston,Scotland,Scotland,DF,1. Celtic,Celtic,ScottishPrem,27,2,0,11,0,0,0
Ben Gannon-Doak,Scotland,Scotland,MF,1. Bournemouth,Bournemouth,EPL,20,3,2,186,0,0,0
Ché Adams,Scotland,Scotland,FW,1. Torino,Torino,SerieA,29,3,2,145,0,0,0
Findlay Curtis,Scotland,Scotland,MF,1. Kilmarnock,Kilmarnock,Other,19,2,0,9,0,0,0
Grant Hanley,Scotland,Scotland,DF,1. Hibernian,Hibernian,ScottishPrem,34,2,2,180,0,0,0
Jack Hendry,Scotland,Scotland,DF,1. Al-Ettifaq,Al-Ettifaq,Other,31,3,3,270,0,0,0
John McGinn,Scotland,Scotland,MF,1. Aston Villa,Aston Villa,EPL,31,3,3,259,1,0,1
Kenny McLean,Scotland,Scotland,MF,2. Norwich City,Norwich City,EPL,34,3,1,118,0,0,0
Kieran Tierney,Scotland,Scotland,MF,1. Celtic,Celtic,ScottishPrem,29,2,1,104,0,0,0
Lawrence Shankland,Scotland,Scotland,FW,1. Hearts,Hearts,ScottishPrem,30,2,2,171,0,0,0
Lewis Ferguson,Scotland,Scotland,MF,1. Bologna,Bologna,SerieA,26,3,3,270,0,0,0
Lyndon Dykes,Scotland,Scotland,"FW,MF",2. Charlton Athletic,Charlton Athletic,EPL,30,2,0,36,0,0,0
Nathan Patterson,Scotland,Scotland,DF,1. Everton,Everton,EPL,24,3,2,185,0,0,0
Ross Stewart,Scotland,Scotland,FW,2. Southampton,Southampton,EPL,29,1,0,2,0,0,0
Ryan Christie,Scotland,Scotland,MF,1. Bournemouth,Bournemouth,EPL,31,3,1,95,0,0,0
Scott McKenna,Scotland,Scotland,DF,1. Dinamo Zagreb,Dinamo Zagreb,Other,29,1,1,90,0,0,0
Scott McTominay,Scotland,Scotland,MF,1. Napoli,Napoli,SerieA,29,3,3,270,0,0,0
Abdoulaye Seck,Senegal,Senegal,DF,1. Maccabi Haifa,Maccabi Haifa,Other,34,1,1,57,0,1,1
Assane Diao,Senegal,Senegal,MF,1. Como,Como,Other,20,1,0,10,0,0,0
Bamba Dieng,Senegal,Senegal,FW,1. Lorient,Lorient,Ligue1,26,1,0,8,0,0,0
Bara Sapoko Ndiaye,Senegal,Senegal,MF,1. Bayern Munich,Bayern Munich,Bundesliga,18,1,0,26,0,0,0
El Hadji Malick Diouf,Senegal,Senegal,DF,1. West Ham,West Ham,EPL,21,3,2,171,0,0,0
Habib Diarra,Senegal,Senegal,MF,1. Sunderland,Sunderland,EPL,22,3,2,143,2,0,2
Ibrahim Mbaye,Senegal,Senegal,MF,1. PSG,PSG,Ligue1,18,4,1,157,1,0,1
Idrissa Gueye,Senegal,Senegal,MF,1. Everton,Everton,EPL,36,4,4,361,0,0,0
Iliman Ndiaye,Senegal,Senegal,FW,1. Everton,Everton,EPL,26,3,1,114,1,2,3
Ismail Jakobs,Senegal,Senegal,DF,1. Galatasaray,Galatasaray,SuperLig,26,3,2,219,0,0,0
Ismaila Sarr,Senegal,Senegal,"MF,FW",1. Crystal Palace,Crystal Palace,EPL,28,4,4,364,4,1,5
Kalidou Koulibaly,Senegal,Senegal,DF,1. Al-Hilal,Al-Hilal,SaudiPro,34,2,2,161,0,0,0
Krépin Diatta,Senegal,Senegal,DF,1. Monaco,Monaco,Ligue1,27,4,4,390,0,0,0
Lamine Camara,Senegal,Senegal,MF,1. Monaco,Monaco,Ligue1,22,4,3,248,0,1,1
Mory Diaw,Senegal,Senegal,GK,1. Le Havre,Le Havre,Ligue1,32,3,2,238,0,0,0
Moussa Niakhaté,Senegal,Senegal,DF,1. Lyon,Lyon,Ligue1,30,4,4,390,0,1,1
Nicolas Jackson,Senegal,Senegal,FW,1. Bayern Munich,Bayern Munich,Bundesliga,24,4,2,234,0,1,1
Pape Gueye,Senegal,Senegal,MF,1. Villarreal,Villarreal,LaLiga,27,4,3,234,2,1,3
Pape Matar Sarr,Senegal,Senegal,MF,1. Tottenham,Tottenham,EPL,23,2,0,67,0,0,0
Pathé Ciss,Senegal,Senegal,DF,1. Rayo Vallecano,Rayo Vallecano,LaLiga,32,4,1,184,0,0,0
Sadio Mané,Senegal,Senegal,"MF,FW",1. Al-Nassr,Al-Nassr,SaudiPro,34,4,4,362,0,1,1
Édouard Mendy,Senegal,Senegal,GK,1. Al-Ahli,Al-Ahli,SaudiPro,34,2,2,152,0,0,0
Aubrey Modiba,South Africa,South Africa,DF,1. Sundowns,Sundowns,SouthAfricaPSL,30,4,4,346,0,0,0
Evidence Makgopa,South Africa,South Africa,FW,1. Orlando Pirates,Orlando Pirates,SouthAfricaPSL,26,4,2,215,0,0,0
Ime Okon,South Africa,South Africa,DF,2. Hannover 96,Hannover 96,Bundesliga,22,4,4,360,0,0,0
Iqraam Rayners,South Africa,South Africa,FW,1. Sundowns,Sundowns,SouthAfricaPSL,30,4,2,161,0,0,0
Jayden Adams,South Africa,South Africa,MF,1. Sundowns,Sundowns,SouthAfricaPSL,25,3,2,116,0,0,0
Kamogelo Sebelebele,South Africa,South Africa,"DF,MF",1. Orlando Pirates,Orlando Pirates,SouthAfricaPSL,23,1,0,7,0,0,0
Khuliso Mudau,South Africa,South Africa,DF,1. Sundowns,Sundowns,SouthAfricaPSL,31,4,4,360,0,0,0
Lyle Foster,South Africa,South Africa,FW,1. Burnley,Burnley,EPL,25,1,1,55,0,0,0
Mbekezeli Mbokazi,South Africa,South Africa,DF,1. Chicago Fire,Chicago Fire,MLS,20,4,4,360,0,0,0
Nkosinathi Sibisi,South Africa,South Africa,DF,1. Orlando Pirates,Orlando Pirates,SouthAfricaPSL,30,1,1,90,0,0,0
Oswin Appollis,South Africa,South Africa,"MF,FW",1. Orlando Pirates,Orlando Pirates,SouthAfricaPSL,24,4,3,255,0,0,0
Relebohile Mofokeng,South Africa,South Africa,MF,1. Orlando Pirates,Orlando Pirates,SouthAfricaPSL,21,3,2,169,0,0,0
Ronwen Williams,South Africa,South Africa,GK,1. Sundowns,Sundowns,SouthAfricaPSL,34,4,4,360,0,0,0
Sphephelo Sithole,South Africa,South Africa,MF,1. Tondela,Tondela,Other,27,3,3,229,0,0,0
Teboho Mokoena,South Africa,South Africa,MF,1. Sundowns,Sundowns,SouthAfricaPSL,29,3,3,270,1,0,1
Thalente Mbatha,South Africa,South Africa,MF,1. Orlando Pirates,Orlando Pirates,SouthAfricaPSL,26,4,2,260,0,0,0
Thapelo Maseko,South Africa,South Africa,"MF,FW",1. AEL Limassol,AEL Limassol,Other,22,3,3,242,1,0,1
Themba Zwane,South Africa,South Africa,"FW,MF",1. Sundowns,Sundowns,SouthAfricaPSL,36,1,0,23,0,0,0
Tshepang Moremi,South Africa,South Africa,MF,1. Orlando Pirates,Orlando Pirates,SouthAfricaPSL,25,2,0,34,0,1,1
Aymeric Laporte,Spain,Spain,DF,1. Athletic Club,Athletic Club,LaLiga,32,8,8,727,0,1,1
Borja Iglesias,Spain,Spain,FW,1. Celta Vigo,Celta Vigo,LaLiga,33,1,0,1,0,0,0
Dani Olmo,Spain,Spain,MF,1. Barcelona,Barcelona,LaLiga,28,8,6,491,0,2,2
Eric García,Spain,Spain,"DF,MF",1. Barcelona,Barcelona,LaLiga,25,1,0,22,0,0,0
Fabián Ruiz Peña,Spain,Spain,MF,1. PSG,PSG,Ligue1,30,8,4,321,1,0,1
Ferran Torres,Spain,Spain,FW,1. Barcelona,Barcelona,LaLiga,26,8,1,288,1,1,2
Gavi,Spain,Spain,FW,1. Barcelona,Barcelona,LaLiga,21,2,1,76,0,0,0
Lamine Yamal,Spain,Spain,"MF,FW",1. Barcelona,Barcelona,LaLiga,18,8,7,614,1,0,1
Marc Cucurella,Spain,Spain,DF,1. Chelsea,Chelsea,EPL,27,8,8,750,0,2,2
Marc Pubill,Spain,Spain,DF,1. Atlético Madrid,Atlético Madrid,LaLiga,22,1,0,1,0,0,0
Marcos Llorente,Spain,Spain,DF,1. Atlético Madrid,Atlético Madrid,LaLiga,31,3,2,187,0,1,1
Martín Zubimendi,Spain,Spain,MF,1. Arsenal,Arsenal,EPL,27,1,0,22,0,0,0
Mikel Merino,Spain,Spain,MF,1. Arsenal,Arsenal,EPL,29,8,1,199,2,0,2
Mikel Oyarzabal,Spain,Spain,FW,1. Real Sociedad,Real Sociedad,LaLiga,29,8,8,601,5,1,6
Nico Williams,Spain,Spain,MF,1. Athletic Club,Athletic Club,LaLiga,23,6,0,113,0,1,1
Pau Cubarsí,Spain,Spain,DF,1. Barcelona,Barcelona,LaLiga,19,8,8,750,0,0,0
Pedri,Spain,Spain,MF,1. Barcelona,Barcelona,LaLiga,23,8,5,499,0,0,0
Pedro Porro,Spain,Spain,DF,1. Tottenham,Tottenham,EPL,26,6,6,563,2,0,2
Rodri,Spain,Spain,MF,1. Manchester City,Manchester City,EPL,29,8,8,724,0,0,0
Unai Simón,Spain,Spain,GK,1. Athletic Club,Athletic Club,LaLiga,29,8,8,750,0,0,0
Yéremy Pino,Spain,Spain,"FW,MF",1. Crystal Palace,Crystal Palace,EPL,23,2,0,70,0,0,0
Álex Baena,Spain,Spain,"MF,FW",1. Atlético Madrid,Atlético Madrid,LaLiga,24,7,7,481,1,1,2
Alexander Bernhardsson,Sweden,Sweden,MF,2. Holstein Kiel,Holstein Kiel,Bundesliga,27,3,3,217,0,0,0
Alexander Isak,Sweden,Sweden,FW,1. Liverpool,Liverpool,EPL,26,4,4,357,1,3,4
Anthony Elanga,Sweden,Sweden,"MF,FW",1. Newcastle,Newcastle,EPL,24,4,2,217,2,0,2
Benjamin Nygren,Sweden,Sweden,MF,1. Celtic,Celtic,ScottishPrem,24,4,2,130,0,0,0
Besfort Zeneli,Sweden,Sweden,MF,1. Union SG,Union SG,BelgianPro,23,2,0,60,0,0,0
Carl Starfelt,Sweden,Sweden,DF,1. Celta Vigo,Celta Vigo,LaLiga,31,1,0,4,0,0,0
Daniel Svensson,Sweden,Sweden,DF,1. Dortmund,Dortmund,Bundesliga,24,3,1,98,0,0,0
Elliot Stroud,Sweden,Sweden,MF,1. Mjällby,Mjällby,Other,23,4,2,166,0,0,0
Gabriel Gudmundsson,Sweden,Sweden,"MF,DF",1. Leeds United,Leeds United,EPL,27,4,4,330,0,0,0
Gustaf Lagerbielke,Sweden,Sweden,DF,1. Braga,Braga,PrimeiraLiga,26,4,4,360,0,0,0
Gustaf Nilsson,Sweden,Sweden,FW,1. Club Brugge,Club Brugge,BelgianPro,29,1,0,2,0,0,0
Isak Hien,Sweden,Sweden,DF,1. Atalanta,Atalanta,SerieA,27,3,3,216,0,0,0
Jacob Widell Zetterström,Sweden,Sweden,GK,2. Derby County,Derby County,EPL,27,2,2,180,0,0,0
Jesper Karlström,Sweden,Sweden,MF,1. Udinese,Udinese,SerieA,30,2,2,138,0,0,0
Ken Sema,Sweden,Sweden,"FW,MF",1. Pafos FC,Pafos FC,Other,32,1,0,16,0,0,0
Kristoffer Nordfeldt,Sweden,Sweden,GK,1. AIK Stockholm,AIK Stockholm,Other,36,2,2,180,0,0,0
Lucas Bergvall,Sweden,Sweden,MF,1. Tottenham,Tottenham,EPL,20,4,1,181,0,1,1
Mattias Svanberg,Sweden,Sweden,MF,1. Wolfsburg,Wolfsburg,Bundesliga,27,2,0,16,1,0,1
Taha Ali,Sweden,Sweden,"FW,MF",1. Malmö,Malmö,Other,27,2,0,37,0,0,0
Victor Lindelöf,Sweden,Sweden,"DF,MF",1. Aston Villa,Aston Villa,EPL,31,4,4,356,0,0,0
Viktor Gyökeres,Sweden,Sweden,FW,1. Arsenal,Arsenal,EPL,28,4,4,360,1,2,3
Yasin Ayari,Sweden,Sweden,MF,1. Brighton,Brighton,EPL,22,4,4,339,2,0,2
Ardon Jashari,Switzerland,Switzerland,MF,1. Milan,Milan,SerieA,23,3,1,72,0,0,0
Breel Embolo,Switzerland,Switzerland,FW,1. Rennes,Rennes,Ligue1,29,6,6,501,2,2,4
Cedric Itten,Switzerland,Switzerland,"FW,MF",2. Düsseldorf,Düsseldorf,Other,29,3,0,42,0,0,0
Christian Fassnacht,Switzerland,Switzerland,"FW,MF",1. Young Boys,Young Boys,Other,32,1,0,6,0,0,0
Dan Ndoye,Switzerland,Switzerland,"MF,FW",1. Nottingham,Nottingham,EPL,25,6,5,406,2,0,2
Denis Zakaria,Switzerland,Switzerland,DF,1. Monaco,Monaco,Ligue1,29,4,4,357,0,0,0
Djibril Sow,Switzerland,Switzerland,MF,1. Sevilla,Sevilla,LaLiga,29,4,2,253,0,0,0
Eray Cömert,Switzerland,Switzerland,DF,1. Valencia,Valencia,LaLiga,28,1,0,31,0,0,0
Fabian Rieder,Switzerland,Switzerland,"MF,FW",1. Augsburg,Augsburg,Bundesliga,24,5,3,302,0,0,0
Granit Xhaka,Switzerland,Switzerland,MF,1. Sunderland,Sunderland,EPL,33,6,6,600,1,0,1
Gregor Kobel,Switzerland,Switzerland,GK,1. Dortmund,Dortmund,Bundesliga,28,6,6,600,0,0,0
Johan Manzambi,Switzerland,Switzerland,"MF,FW",1. Freiburg,Freiburg,Bundesliga,20,4,2,199,3,2,5
Luca Jaquez,Switzerland,Switzerland,DF,1. Stuttgart,Stuttgart,Bundesliga,23,2,1,78,0,0,0
Manuel Akanji,Switzerland,Switzerland,DF,1. Inter,Inter,SerieA,30,6,6,600,0,0,0
Michel Aebischer,Switzerland,Switzerland,"MF,FW",1. Pisa,Pisa,Other,29,4,2,156,0,0,0
Miro Muheim,Switzerland,Switzerland,"DF,MF",1. Hamburger SV,Hamburger SV,Bundesliga,28,3,0,87,0,0,0
Nico Elvedi,Switzerland,Switzerland,DF,1. Gladbach,Gladbach,Bundesliga,29,6,6,600,0,0,0
Noah Okafor,Switzerland,Switzerland,"FW,MF",1. Leeds United,Leeds United,EPL,26,1,0,20,0,0,0
Remo Freuler,Switzerland,Switzerland,MF,1. Bologna,Bologna,SerieA,34,6,6,592,0,0,0
Ricardo Rodríguez,Switzerland,Switzerland,DF,1. Real Betis,Real Betis,LaLiga,33,6,6,517,0,1,1
Ruben Vargas,Switzerland,Switzerland,MF,1. Sevilla,Sevilla,LaLiga,27,6,3,284,2,1,3
Silvan Widmer,Switzerland,Switzerland,DF,1. Mainz 05,Mainz 05,Bundesliga,33,5,1,175,0,0,0
Zeki Amdouni,Switzerland,Switzerland,"FW,MF",1. Burnley,Burnley,EPL,25,4,0,73,0,0,0
Ali Abdi,Tunisia,Tunisia,DF,1. Nice,Nice,Ligue1,32,3,3,269,0,0,0
Anis Ben Slimane,Tunisia,Tunisia,"MF,FW",2. Norwich City,Norwich City,EPL,25,3,3,240,0,0,0
Aymen Dahmen,Tunisia,Tunisia,GK,1. Ahly Sfaxien,Ahly Sfaxien,Other,29,2,2,180,0,0,0
Dylan Bronn,Tunisia,Tunisia,DF,1. Servette FC,Servette FC,Other,30,1,1,45,0,0,0
Elias Achouri,Tunisia,Tunisia,"FW,MF",1. FC Copenhagen,FC Copenhagen,Other,27,3,0,43,0,0,0
Elias Saad,Tunisia,Tunisia,"MF,FW",2. Hannover 96,Hannover 96,Bundesliga,26,2,2,116,0,0,0
Ellyes Skhiri,Tunisia,Tunisia,"MF,DF",1. Frankfurt,Frankfurt,Bundesliga,31,3,3,250,0,0,0
Firas Chaouat,Tunisia,Tunisia,FW,1. Club Africain,Club Africain,Other,30,3,0,49,0,0,0
Hadj Mahmoud,Tunisia,Tunisia,MF,1. Lugano,Lugano,Other,26,2,0,43,0,0,0
Hannibal Mejbri,Tunisia,Tunisia,MF,1. Burnley,Burnley,EPL,23,3,3,270,0,2,2
Hazem Mastouri,Tunisia,Tunisia,FW,1. D. Makhachkala,D. Makhachkala,Other,28,1,1,89,1,0,1
Ismaël Gharbi,Tunisia,Tunisia,MF,1. Augsburg,Augsburg,Bundesliga,22,3,1,127,0,0,0
Mohamed Amine Ben Hamida,Tunisia,Tunisia,DF,1. Espérance Tunis,Espérance Tunis,Other,30,3,2,202,0,0,0
Montassar Talbi,Tunisia,Tunisia,DF,1. Lorient,Lorient,Ligue1,28,3,3,270,0,0,0
Mortadha Ben Ouanes,Tunisia,Tunisia,"DF,MF",1. Kasımpaşa,Kasımpaşa,Other,31,1,0,23,0,0,0
Mouhib Chamakh,Tunisia,Tunisia,GK,1. Club Africain,Club Africain,Other,24,1,1,90,0,0,0
Omar Rekik,Tunisia,Tunisia,DF,1. NK Maribor,NK Maribor,Other,24,2,2,180,1,0,1
Rani Khedira,Tunisia,Tunisia,MF,1. Union Berlin,Union Berlin,Bundesliga,32,3,2,149,0,0,0
Sebastian Tounekti,Tunisia,Tunisia,FW,1. Celtic,Celtic,ScottishPrem,23,3,1,84,0,0,0
Yan Valery,Tunisia,Tunisia,DF,1. Young Boys,Young Boys,Other,27,3,3,251,0,0,0
Abdülkerim Bardakcı,Türkiye,Türkiye,DF,1. Galatasaray,Galatasaray,SuperLig,31,3,3,265,0,0,0
Arda Güler,Türkiye,Türkiye,MF,1. Real Madrid,Real Madrid,LaLiga,21,3,3,270,1,0,1
Barış Alper Yılmaz,Türkiye,Türkiye,"MF,FW",1. Galatasaray,Galatasaray,SuperLig,26,3,2,179,1,1,2
Can Uzun,Türkiye,Türkiye,MF,1. Frankfurt,Frankfurt,Bundesliga,20,2,0,38,0,1,1
Deniz Gül,Türkiye,Türkiye,FW,1. Porto,Porto,PrimeiraLiga,21,2,0,37,0,0,0
Eren Elmalı,Türkiye,Türkiye,DF,1. Galatasaray,Galatasaray,SuperLig,25,2,1,111,0,0,0
Ferdi Kadioglu,Türkiye,Türkiye,DF,1. Brighton,Brighton,EPL,26,2,2,159,0,0,0
Hakan Çalhanoğlu,Türkiye,Türkiye,MF,1. Inter,Inter,SerieA,32,2,2,180,0,0,0
Kaan Ayhan,Türkiye,Türkiye,"DF,MF",1. Galatasaray,Galatasaray,SuperLig,31,1,0,3,1,0,1
Kenan Yıldız,Türkiye,Türkiye,MF,1. Juventus,Juventus,SerieA,21,3,2,218,0,0,0
Kerem Aktürkoğlu,Türkiye,Türkiye,FW,1. Fenerbahçe,Fenerbahçe,SuperLig,27,2,2,129,0,0,0
Merih Demiral,Türkiye,Türkiye,DF,1. Al-Ahli,Al-Ahli,SaudiPro,28,2,2,180,0,0,0
Mert Müldür,Türkiye,Türkiye,DF,1. Fenerbahçe,Fenerbahçe,SuperLig,27,3,1,101,0,0,0
Orkun Kökçü,Türkiye,Türkiye,MF,1. Beşiktaş,Beşiktaş,SuperLig,25,3,2,153,0,1,1
Ozan Kabak,Türkiye,Türkiye,DF,1. Hoffenheim,Hoffenheim,Bundesliga,26,1,1,90,0,0,0
Oğuz Aydın,Türkiye,Türkiye,DF,1. Fenerbahçe,Fenerbahçe,SuperLig,25,1,1,89,0,0,0
Salih Özcan,Türkiye,Türkiye,MF,1. Dortmund,Dortmund,Bundesliga,28,2,1,100,0,0,0
Uğurcan Çakır,Türkiye,Türkiye,GK,1. Galatasaray,Galatasaray,SuperLig,30,3,3,270,0,0,0
Yunus Akgün,Türkiye,Türkiye,MF,1. Galatasaray,Galatasaray,SuperLig,25,2,1,88,0,0,0
Zeki Çelik,Türkiye,Türkiye,DF,1. Roma,Roma,SerieA,29,2,2,163,0,0,0
Çağlar Söyüncü,Türkiye,Türkiye,DF,1. Fenerbahçe,Fenerbahçe,SuperLig,30,1,0,7,0,0,0
İrfan Can Kahveci,Türkiye,Türkiye,MF,1. Kasımpaşa,Kasımpaşa,Other,30,1,0,1,0,0,0
İsmail Yüksek,Türkiye,Türkiye,MF,1. Fenerbahçe,Fenerbahçe,SuperLig,27,2,2,139,0,0,0
Alejandro Zendejas,United States,United States,"FW,MF",1. América,América,LigaMX,28,1,0,14,0,0,0
Alex Freeman,United States,United States,DF,1. Villarreal,Villarreal,LaLiga,21,5,4,374,1,1,2
Antonee Robinson,United States,United States,"DF,MF",1. Fulham,Fulham,EPL,28,4,4,348,0,0,0
Auston Trusty,United States,United States,DF,1. Celtic,Celtic,ScottishPrem,27,2,1,101,1,0,1
Brenden Aaronson,United States,United States,MF,1. Leeds United,Leeds United,EPL,25,1,1,76,0,0,0
Chris Richards,United States,United States,DF,1. Crystal Palace,Crystal Palace,EPL,26,4,4,360,0,0,0
Christian Pulisic,United States,United States,MF,1. Milan,Milan,SerieA,27,4,3,223,0,1,1
Folarin Balogun,United States,United States,FW,1. Monaco,Monaco,Ligue1,24,4,4,312,3,0,3
Gio Reyna,United States,United States,MF,1. Gladbach,Gladbach,Bundesliga,23,5,1,131,1,0,1
Haji Wright,United States,United States,"FW,MF",2. Coventry City,Coventry City,EPL,28,2,0,2,0,0,0
Joe Scally,United States,United States,DF,1. Gladbach,Gladbach,Bundesliga,23,2,1,87,0,0,0
Malik Tillman,United States,United States,MF,1. Leverkusen,Leverkusen,Bundesliga,24,5,4,356,2,1,3
Mark McKenzie,United States,United States,DF,1. Toulouse,Toulouse,Ligue1,27,1,1,90,0,0,0
Matt Freese,United States,United States,GK,1. NYCFC,NYCFC,MLS,27,4,4,360,0,0,0
Matt Turner,United States,United States,GK,1. NE Revolution,NE Revolution,MLS,31,1,1,90,0,0,0
Max Arfsten,United States,United States,MF,1. Columbus Crew,Columbus Crew,MLS,25,1,0,1,0,0,0
Miles Robinson,United States,United States,DF,1. FC Cincinnati,FC Cincinnati,Other,29,1,1,90,0,0,0
Ricardo Pepi,United States,United States,FW,1. PSV,PSV,Eredivisie,23,5,2,204,0,0,0
Sebastian Berhalter,United States,United States,MF,1. Vancouver,Vancouver,MLS,25,5,1,187,1,1,2
Sergiño Dest,United States,United States,MF,1. PSV,PSV,Eredivisie,25,5,4,297,0,0,0
Tim Ream,United States,United States,DF,1. Charlotte,Charlotte,MLS,38,4,4,360,0,0,0
Timothy Weah,United States,United States,MF,1. Marseille,Marseille,Ligue1,26,2,1,76,0,0,0
Tyler Adams,United States,United States,MF,1. Bournemouth,Bournemouth,EPL,27,4,4,341,0,0,0
Weston McKennie,United States,United States,MF,1. Juventus,Juventus,SerieA,27,5,5,443,0,0,0
Agustín Canobbio,Uruguay,Uruguay,FW,1. Fluminense,Fluminense,Other,27,3,2,224,1,0,1
Brian Rodríguez,Uruguay,Uruguay,"FW,MF",1. América,América,LigaMX,26,3,0,41,0,0,0
Darwin Núñez,Uruguay,Uruguay,FW,1. Al-Hilal,Al-Hilal,SaudiPro,26,3,2,156,0,0,0
Federico Valverde,Uruguay,Uruguay,MF,1. Real Madrid,Real Madrid,LaLiga,27,3,3,236,0,0,0
Federico Viñas,Uruguay,Uruguay,FW,1. Oviedo,Oviedo,Other,27,3,2,192,0,0,0
Fernando Muslera,Uruguay,Uruguay,GK,1. Galatasaray,Galatasaray,SuperLig,39,3,3,225,0,0,0
Guillermo Varela,Uruguay,Uruguay,DF,1. Flamengo,Flamengo,Brasileirao,33,3,3,270,0,0,0
Juan Manuel Sanabria,Uruguay,Uruguay,DF,1. Atlético San Luis,Atlético San Luis,Other,26,3,2,204,0,0,0
Manuel Ugarte,Uruguay,Uruguay,MF,1. Manchester Utd,Manchester Utd,EPL,25,3,3,184,0,0,0
Mathías Olivera,Uruguay,Uruguay,DF,1. Napoli,Napoli,SerieA,28,3,3,270,0,0,0
Matías Viña,Uruguay,Uruguay,DF,1. Flamengo,Flamengo,Brasileirao,28,1,1,45,0,0,0
Maxi Araújo,Uruguay,Uruguay,"FW,MF",1. Sporting CP,Sporting CP,PrimeiraLiga,26,3,3,250,2,1,3
Nicolás De La Cruz,Uruguay,Uruguay,MF,1. Flamengo,Flamengo,Brasileirao,29,3,0,86,0,0,0
Rodrigo Aguirre,Uruguay,Uruguay,FW,1. América,América,LigaMX,31,1,0,1,0,0,0
Rodrigo Bentancur,Uruguay,Uruguay,MF,1. Tottenham,Tottenham,EPL,28,3,3,270,0,0,0
Sebastián Cáceres,Uruguay,Uruguay,DF,1. América,América,LigaMX,26,3,3,270,0,0,0
Sergio Rochet,Uruguay,Uruguay,GK,1. Internacional,Internacional,Brasileirao,33,1,0,45,0,0,0
Abbosbek Fayzullayev,Uzbekistan,Uzbekistan,MF,1. Başakşehir,Başakşehir,SuperLig,22,3,3,220,1,0,1
Abdukodir Khusanov,Uzbekistan,Uzbekistan,DF,1. Manchester City,Manchester City,EPL,22,3,3,270,0,0,0
Abdulla Abdullaev,Uzbekistan,Uzbekistan,DF,1. Dibba Al Fujairah,Dibba Al Fujairah,Other,28,2,2,180,0,0,0
Abduvohid Nematov,Uzbekistan,Uzbekistan,GK,1. FC Nasaf,FC Nasaf,Other,25,2,2,180,0,0,0
Akmal Mozgovoy,Uzbekistan,Uzbekistan,MF,1. Pakhtakor Tashkent FK,Pakhtakor Tashkent FK,Other,27,3,2,216,0,1,1
Aziz Gʻaniyev,Uzbekistan,Uzbekistan,MF,,<NA>,Other,28,2,1,122,0,0,0
Azizbek Amonov,Uzbekistan,Uzbekistan,FW,1. FK Bukhara Nurafshon,FK Bukhara Nurafshon,Other,28,1,0,14,0,0,0
Bekhruz Karimov,Uzbekistan,Uzbekistan,DF,1. FC Surkhon,FC Surkhon,Other,18,2,2,179,0,0,0
Dostonbek Khamdamov,Uzbekistan,Uzbekistan,MF,1. Pakhtakor Tashkent FK,Pakhtakor Tashkent FK,Other,29,2,1,103,0,0,0
Eldor Shomurodov,Uzbekistan,Uzbekistan,FW,1. Başakşehir,Başakşehir,SuperLig,30,3,3,269,1,0,1
Farrukh Sayfiev,Uzbekistan,Uzbekistan,"DF,MF",1. Neftchi FK,Neftchi FK,Other,35,1,0,45,0,0,0
Igor Sergeev,Uzbekistan,Uzbekistan,FW,1. Persepolis,Persepolis,Other,33,3,0,28,0,0,0
Jakhongir Urozov,Uzbekistan,Uzbekistan,DF,1. FK Dinamo Samarqand,FK Dinamo Samarqand,Other,22,2,1,95,0,0,0
Jamshid Iskanderov,Uzbekistan,Uzbekistan,"FW,MF",1. Neftchi FK,Neftchi FK,Other,32,1,0,9,0,0,0
Khojiakbar Alijonov,Uzbekistan,Uzbekistan,MF,1. Pakhtakor Tashkent FK,Pakhtakor Tashkent FK,Other,29,2,1,135,0,0,0
Odiljon Hamrobekov,Uzbekistan,Uzbekistan,MF,1. Tractor,Tractor,Other,30,2,1,77,0,0,0
Oston Urunov,Uzbekistan,Uzbekistan,MF,1. Persepolis,Persepolis,Other,25,2,1,63,0,0,0
Otabek Shukurov,Uzbekistan,Uzbekistan,MF,1. Baniyas FC,Baniyas FC,Other,29,3,3,237,0,0,0
Ruslanbek Jiyanov,Uzbekistan,Uzbekistan,FW,1. Navbahor,Navbahor,Other,25,1,0,1,0,0,0
Rustam Ashurmatov,Uzbekistan,Uzbekistan,DF,1. Esteghlal,Esteghlal,Other,29,3,3,256,0,0,0
Sherzod Esanov,Uzbekistan,Uzbekistan,MF,1. FK Bukhara Nurafshon,FK Bukhara Nurafshon,Other,23,1,0,1,0,0,0
Sherzod Nasrullaev,Uzbekistan,Uzbekistan,"DF,MF",1. FC Nasaf,FC Nasaf,Other,27,3,3,180,0,0,0
Utkir Yusupov,Uzbekistan,Uzbekistan,GK,1. Navbahor,Navbahor,Other,35,1,1,90,0,0,0
