nation,round_num,round_reached
Argentina,6,Final
Spain,6,Final
England,5,Semi-finals
France,5,Semi-finals
Belgium,4,Quarter-finals
Morocco,4,Quarter-finals
Norway,4,Quarter-finals
Switzerland,4,Quarter-finals
Portugal,3,Round of 16
Egypt,3,Round of 16
Colombia,3,Round of 16
Brazil,3,Round of 16
United States,3,Round of 16
Mexico,3,Round of 16
Paraguay,3,Round of 16
Canada,3,Round of 16
Bosnia–Herz,2,Round of 32
Algeria,2,Round of 32
Cabo Verde,2,Round of 32
Senegal,2,Round of 32
South Africa,2,Round of 32
Australia,2,Round of 32
Croatia,2,Round of 32
Ghana,2,Round of 32
Sweden,2,Round of 32
Japan,2,Round of 32
Netherlands,2,Round of 32
Germany,2,Round of 32
Ecuador,2,Round of 32
Côte d'Ivoire,2,Round of 32
Congo DR,2,Round of 32
Austria,2,Round of 32
Panama,1,Group Stage
Iraq,1,Group Stage
Uzbekistan,1,Group Stage
Uruguay,1,Group Stage
Jordan,1,Group Stage
Haiti,1,Group Stage
Saudi Arabia,1,Group Stage
New Zealand,1,Group Stage
IR Iran,1,Group Stage
Czechia,1,Group Stage
Tunisia,1,Group Stage
Curaçao,1,Group Stage
Türkiye,1,Group Stage
Qatar,1,Group Stage
Scotland,1,Group Stage
Korea Republic,1,Group Stage
